Label (Grouping),Arkansas!!Margin of Error,"Arkansas County, Arkansas!!Margin of Error","Ashley County, Arkansas!!Margin of Error","Baxter County, Arkansas!!Margin of Error","Benton County, Arkansas!!Margin of Error","Boone County, Arkansas!!Margin of Error","Bradley County, Arkansas!!Margin of Error","Calhoun County, Arkansas!!Margin of Error","Carroll County, Arkansas!!Margin of Error","Chicot County, Arkansas!!Margin of Error","Clark County, Arkansas!!Margin of Error","Clay County, Arkansas!!Margin of Error","Cleburne County, Arkansas!!Margin of Error","Cleveland County, Arkansas!!Margin of Error","Columbia County, Arkansas!!Margin of Error","Conway County, Arkansas!!Margin of Error","Craighead County, Arkansas!!Margin of Error","Crawford County, Arkansas!!Margin of Error","Crittenden County, Arkansas!!Margin of Error","Cross County, Arkansas!!Margin of Error","Dallas County, Arkansas!!Margin of Error","Desha County, Arkansas!!Margin of Error","Drew County, Arkansas!!Margin of Error","Faulkner County, Arkansas!!Margin of Error","Franklin County, Arkansas!!Margin of Error","Fulton County, Arkansas!!Margin of Error","Garland County, Arkansas!!Margin of Error","Grant County, Arkansas!!Margin of Error","Greene County, Arkansas!!Margin of Error","Hempstead County, Arkansas!!Margin of Error","Hot Spring County, Arkansas!!Margin of Error","Howard County, Arkansas!!Margin of Error","Independence County, Arkansas!!Margin of Error","Izard County, Arkansas!!Margin of Error","Jackson County, Arkansas!!Margin of Error","Jefferson County, Arkansas!!Margin of Error","Johnson County, Arkansas!!Margin of Error","Lafayette County, Arkansas!!Margin of Error","Lawrence County, Arkansas!!Margin of Error","Lee County, Arkansas!!Margin of Error","Lincoln County, Arkansas!!Margin of Error","Little River County, Arkansas!!Margin of Error","Logan County, Arkansas!!Margin of Error","Lonoke County, Arkansas!!Margin of Error","Madison County, Arkansas!!Margin of Error","Marion County, Arkansas!!Margin of Error","Miller County, Arkansas!!Margin of Error","Mississippi County, Arkansas!!Margin of Error","Monroe County, Arkansas!!Margin of Error","Montgomery County, Arkansas!!Margin of Error","Nevada County, Arkansas!!Margin of Error","Newton County, Arkansas!!Margin of Error","Ouachita County, Arkansas!!Margin of Error","Perry County, Arkansas!!Margin of Error","Phillips County, Arkansas!!Margin of Error","Pike County, Arkansas!!Margin of Error","Poinsett County, Arkansas!!Margin of Error","Polk County, Arkansas!!Margin of Error","Pope County, Arkansas!!Margin of Error","Prairie County, Arkansas!!Margin of Error","Pulaski County, Arkansas!!Margin of Error","Randolph County, Arkansas!!Margin of Error","St. Francis County, Arkansas!!Margin of Error","Saline County, Arkansas!!Margin of Error","Scott County, Arkansas!!Margin of Error","Searcy County, Arkansas!!Margin of Error","Sebastian County, Arkansas!!Margin of Error","Sevier County, Arkansas!!Margin of Error","Sharp County, Arkansas!!Margin of Error","Stone County, Arkansas!!Margin of Error","Union County, Arkansas!!Margin of Error","Van Buren County, Arkansas!!Margin of Error","Washington County, Arkansas!!Margin of Error","White County, Arkansas!!Margin of Error","Woodruff County, Arkansas!!Margin of Error","Yell County, Arkansas!!Margin of Error"
EMPLOYMENT STATUS,,,,,,,,,,,,,,,,,,,,,,,,,,,,,,,,,,,,,,,,,,,,,,,,,,,,,,,,,,,,,,,,,,,,,,,,,,,,
    Population 16 years and over,"±1,462",±120,±96,±148,±371,±149,±72,±60,±128,±66,±60,±63,±92,±122,±125,±77,±315,±209,±176,±122,±85,±78,±73,±356,±148,±51,±244,±118,±124,±128,±210,±92,±129,±154,±114,±203,±140,±48,±80,±52,±45,±92,±94,±203,±88,±72,±124,±161,±64,±29,±83,±68,±113,±115,±111,±59,±98,±91,±124,±77,±478,±138,±154,±262,±106,±74,±284,±87,±79,±117,±166,±99,±362,±215,±58,±89
        In labor force,"±6,061",±311,±400,±825,"±1,606",±582,±230,±204,±532,±274,±459,±282,±458,±246,±592,±391,"±1,179",±759,±639,±338,±174,±269,±414,"±1,327",±396,±329,"±1,127",±404,±608,±568,±522,±288,±598,±346,±375,±923,±526,±200,±318,±277,±540,±264,±466,±795,±449,±392,±721,±597,±238,±255,±329,±273,±564,±242,±495,±229,±415,±331,±963,±199,"±2,493",±342,±506,"±1,012",±289,±233,"±1,102",±370,±310,±424,±659,±447,"±1,890","±1,038",±183,±476
            Civilian labor force,"±6,036",±311,±400,±825,"±1,603",±580,±230,±204,±532,±276,±458,±282,±458,±245,±592,±391,"±1,165",±748,±639,±338,±189,±269,±416,"±1,354",±396,±329,"±1,127",±404,±609,±568,±526,±288,±601,±348,±375,±924,±524,±200,±318,±277,±540,±264,±473,±884,±447,±392,±727,±597,±238,±255,±329,±273,±565,±242,±533,±234,±411,±328,±960,±199,"±2,452",±342,±522,±987,±289,±233,"±1,129",±370,±313,±424,±659,±447,"±1,881","±1,041",±183,±477
                Employed,"±6,125",±309,±372,±838,"±1,520",±578,±224,±194,±517,±277,±442,±301,±472,±248,±565,±397,"±1,222",±843,±745,±355,±236,±268,±418,"±1,361",±425,±366,"±1,084",±399,±695,±533,±530,±294,±629,±367,±334,±920,±547,±205,±342,±279,±502,±287,±521,±932,±479,±395,±711,±597,±258,±262,±351,±263,±567,±275,±529,±241,±416,±358,±938,±210,"±2,599",±352,±476,"±1,077",±287,±236,"±1,268",±392,±302,±427,±603,±446,"±1,972","±1,075",±193,±471
                Unemployed,"±2,426",±134,±132,±236,±510,±298,±104,±148,±147,±125,±149,±111,±176,±66,±210,±150,±542,±379,±456,±176,±119,±112,±94,±432,±181,±131,±554,±99,±350,±166,±219,±130,±201,±181,±189,±343,±136,±58,±138,±174,±66,±126,±230,±295,±224,±122,±384,±280,±75,±99,±103,±88,±223,±85,±254,±75,±148,±202,±292,±76,"±1,027",±116,±175,±502,±117,±52,±545,±164,±142,±132,±176,±130,±915,±330,±74,±135
            Armed Forces,±617,±19,±23,±26,±49,±18,±19,±17,±3,±12,±9,±19,±23,±10,±23,±9,±78,±77,±26,±19,±51,±19,±17,±122,±19,±16,±29,±12,±4,±23,±20,±19,±69,±7,±19,±13,±7,±17,±19,±17,±19,±19,±41,±272,±40,±19,±36,±26,±17,±17,±17,±8,±10,±19,±84,±19,±18,±18,±40,±17,±444,±19,±71,±166,±19,±17,±181,±19,±35,±11,±26,±19,±79,±63,±17,±32
        Not in labor force,"±6,045",±313,±387,±831,"±1,622",±590,±234,±200,±524,±265,±447,±278,±457,±231,±592,±413,"±1,250",±813,±640,±336,±194,±270,±410,"±1,352",±403,±326,"±1,112",±427,±620,±535,±532,±296,±624,±380,±345,±958,±538,±206,±316,±274,±550,±257,±464,±760,±467,±387,±709,±615,±235,±254,±350,±277,±587,±210,±486,±237,±412,±338,±970,±189,"±2,494",±362,±502,"±1,047",±287,±235,"±1,144",±366,±326,±440,±662,±434,"±1,871","±1,044",±187,±494
    Civilian labor force,"±6,036",±311,±400,±825,"±1,603",±580,±230,±204,±532,±276,±458,±282,±458,±245,±592,±391,"±1,165",±748,±639,±338,±189,±269,±416,"±1,354",±396,±329,"±1,127",±404,±609,±568,±526,±288,±601,±348,±375,±924,±524,±200,±318,±277,±540,±264,±473,±884,±447,±392,±727,±597,±238,±255,±329,±273,±565,±242,±533,±234,±411,±328,±960,±199,"±2,452",±342,±522,±987,±289,±233,"±1,129",±370,±313,±424,±659,±447,"±1,881","±1,041",±183,±477
        Unemployment Rate,(X),(X),(X),(X),(X),(X),(X),(X),(X),(X),(X),(X),(X),(X),(X),(X),(X),(X),(X),(X),(X),(X),(X),(X),(X),(X),(X),(X),(X),(X),(X),(X),(X),(X),(X),(X),(X),(X),(X),(X),(X),(X),(X),(X),(X),(X),(X),(X),(X),(X),(X),(X),(X),(X),(X),(X),(X),(X),(X),(X),(X),(X),(X),(X),(X),(X),(X),(X),(X),(X),(X),(X),(X),(X),(X),(X)
    Females 16 years and over,"±1,338",±90,±65,±103,±309,±175,±62,±74,±146,±58,±66,±73,±113,±33,±151,±97,±240,±187,±113,±80,±105,±89,±84,±262,±141,±63,±210,±88,±119,±142,±142,±97,±159,±85,±98,±132,±178,±45,±79,±63,±84,±135,±117,±167,±119,±86,±124,±153,±65,±76,±73,±94,±113,±82,±100,±85,±61,±66,±227,±72,±353,±117,±113,±164,±137,±70,±163,±86,±122,±88,±122,±88,±339,±207,±52,±69
        In labor force,"±4,385",±246,±287,±460,"±1,021",±361,±189,±131,±390,±184,±346,±178,±242,±141,±457,±283,±794,±595,±516,±250,±135,±194,±281,±842,±285,±252,±762,±248,±497,±358,±361,±238,±460,±207,±259,±657,±347,±119,±215,±188,±166,±173,±310,±519,±254,±262,±540,±374,±180,±172,±243,±146,±387,±149,±354,±165,±275,±244,±579,±144,"±1,646",±231,±330,±697,±223,±148,±797,±249,±209,±272,±491,±245,"±1,428",±805,±104,±356
            Civilian labor force,"±4,406",±246,±287,±460,"±1,020",±361,±189,±131,±390,±184,±346,±178,±242,±139,±457,±286,±787,±595,±516,±250,±135,±194,±281,±842,±285,±252,±762,±248,±497,±358,±361,±238,±460,±207,±259,±657,±347,±119,±215,±188,±166,±173,±311,±540,±250,±262,±551,±374,±180,±172,±243,±146,±387,±149,±354,±165,±275,±244,±577,±144,"±1,646",±231,±330,±697,±223,±148,±797,±249,±209,±272,±491,±245,"±1,417",±802,±104,±356
                Employed,"±4,107",±250,±278,±472,±888,±358,±189,±142,±387,±184,±348,±177,±251,±153,±433,±284,±865,±611,±581,±268,±157,±194,±273,±838,±309,±252,±735,±261,±517,±362,±373,±245,±455,±222,±248,±672,±360,±123,±222,±183,±165,±185,±365,±595,±270,±265,±530,±394,±197,±184,±245,±147,±374,±174,±326,±170,±266,±265,±587,±145,"±1,664",±219,±334,±789,±211,±150,±892,±255,±210,±265,±479,±239,"±1,413",±768,±110,±324
    Own children of the householder under 6 years,"±1,619",±140,±193,±139,±484,±232,±105,±39,±166,±74,±118,±84,±120,±130,±150,±86,±407,±296,±255,±118,±38,±123,±101,±293,±164,±49,±319,±135,±257,±119,±161,±76,±260,±110,±84,±240,±163,±73,±77,±74,±119,±121,±155,±211,±136,±89,±228,±243,±85,±66,±55,±72,±92,±69,±160,±85,±108,±99,±262,±56,±741,±161,±142,±446,±111,±62,±437,±118,±61,±92,±131,±88,±551,±293,±58,±141
        All parents in family in labor force,"±2,335",±116,±213,±205,±684,±324,±113,±56,±178,±102,±105,±121,±181,±134,±208,±150,±448,±373,±338,±139,±45,±158,±156,±478,±160,±101,±492,±144,±312,±156,±223,±103,±281,±149,±147,±337,±210,±82,±113,±110,±140,±123,±177,±391,±154,±110,±277,±359,±101,±90,±64,±94,±319,±88,±186,±114,±157,±149,±377,±81,"±1,202",±183,±215,±597,±141,±87,±577,±199,±132,±154,±248,±104,±873,±440,±80,±187
    Own children of the householder 6 to 17 years,"±2,335",±170,±177,±315,±598,±359,±119,±53,±217,±167,±126,±141,±180,±152,±217,±127,±460,±405,±233,±148,±132,±164,±139,±342,±217,±144,±399,±153,±374,±210,±254,±117,±391,±124,±178,±321,±188,±74,±148,±85,±140,±139,±178,±271,±163,±138,±268,±289,±90,±59,±140,±100,±229,±91,±211,±92,±218,±185,±354,±101,"±1,042",±187,±175,±484,±170,±69,±457,±169,±146,±150,±213,±157,±662,±359,±81,±181
        All parents in family in labor force,"±3,903",±238,±293,±455,"±1,349",±423,±150,±91,±325,±177,±263,±199,±269,±169,±274,±309,±654,±664,±341,±214,±127,±244,±190,±697,±332,±199,±679,±274,±443,±261,±336,±264,±370,±172,±211,±566,±322,±82,±185,±134,±151,±175,±228,±604,±231,±202,±432,±466,±126,±131,±171,±110,±353,±145,±347,±138,±281,±290,±536,±142,"±1,524",±236,±326,±784,±193,±149,±949,±320,±248,±215,±531,±238,"±1,274",±598,±106,±304
COMMUTING TO WORK,,,,,,,,,,,,,,,,,,,,,,,,,,,,,,,,,,,,,,,,,,,,,,,,,,,,,,,,,,,,,,,,,,,,,,,,,,,,
    Workers 16 years and over,"±6,164",±309,±370,±822,"±1,468",±586,±225,±194,±501,±275,±445,±306,±478,±256,±559,±419,"±1,206",±839,±747,±353,±221,±274,±436,"±1,359",±446,±368,"±1,026",±400,±662,±524,±524,±299,±630,±359,±336,±907,±543,±199,±345,±268,±503,±297,±518,±864,±512,±399,±700,±627,±254,±259,±360,±265,±567,±293,±517,±236,±419,±358,±953,±221,"±2,656",±364,±463,"±1,120",±319,±239,"±1,275",±398,±306,±423,±597,±440,"±1,978","±1,048",±194,±466
"        Car, truck, or van -- drove alone","±5,320",±358,±448,±781,"±1,451",±629,±238,±208,±519,±267,±560,±299,±476,±242,±576,±425,"±1,298",±895,±693,±351,±281,±299,±454,"±1,395",±461,±376,±936,±335,±735,±502,±628,±314,±643,±349,±270,±838,±607,±206,±339,±223,±445,±303,±507,±940,±453,±376,±711,±629,±234,±267,±323,±255,±585,±255,±485,±289,±428,±373,±979,±270,"±2,893",±397,±508,"±1,213",±330,±271,"±1,285",±421,±310,±417,±597,±332,"±1,871","±1,003",±213,±435
"        Car, truck, or van -- carpooled","±3,208",±156,±198,±431,±968,±312,±117,±52,±287,±81,±287,±144,±226,±80,±236,±289,±734,±363,±344,±191,±143,±163,±227,±635,±192,±121,±622,±300,±442,±282,±306,±174,±300,±220,±135,±341,±275,±91,±137,±138,±133,±144,±230,±537,±167,±209,±358,±392,±111,±162,±182,±90,±163,±163,±194,±219,±210,±226,±452,±89,"±1,433",±170,±201,±994,±232,±154,±726,±323,±224,±127,±257,±261,"±1,474",±724,±92,±271
        Public transportation (excluding taxicab),±444,±19,±23,±5,±84,±19,±19,±9,±17,±9,±56,±5,±23,±17,±42,±23,±77,±10,±36,±19,±17,±4,±19,±61,±75,±44,±72,±19,±30,±43,±44,±20,±35,±19,±19,±110,±76,±15,±2,±17,±18,±19,±61,±58,±19,±9,±74,±31,±17,±17,±55,±17,±23,±5,±19,±5,±23,±24,±106,±17,±308,±4,±2,±65,±13,±16,±54,±10,±11,±19,±49,±19,±247,±53,±17,±11
        Walked,"±1,281",±87,±93,±207,±325,±144,±65,±40,±155,±72,±169,±106,±70,±43,±195,±54,±216,±187,±97,±72,±43,±59,±165,±225,±36,±120,±252,±54,±217,±80,±151,±136,±80,±66,±53,±157,±121,±39,±46,±19,±5,±28,±92,±193,±66,±48,±90,±56,±43,±24,±30,±33,±59,±32,±56,±42,±82,±50,±174,±51,±515,±76,±108,±134,±42,±37,±230,±63,±131,±157,±153,±137,±337,±190,±42,±110
        Other means,"±1,262",±81,±120,±104,±219,±36,±56,±60,±136,±67,±55,±51,±40,±41,±59,±49,±80,±55,±87,±46,±22,±7,±68,±238,±94,±14,±231,±21,±62,±8,±28,±14,±111,±84,±114,±123,±147,±40,±39,±36,±14,±93,±134,±167,±74,±55,±68,±87,±17,±19,±14,±12,±67,±19,±28,±39,±41,±39,±180,±43,±605,±56,±123,±172,±55,±34,±317,±47,±48,±113,±47,±113,±282,±168,±14,±70
        Worked from home,"±2,161",±86,±87,±194,±802,±267,±53,±19,±269,±46,±141,±154,±103,±70,±57,±159,±432,±204,±211,±145,±17,±46,±70,±411,±78,±180,±320,±209,±191,±69,±113,±89,±187,±46,±110,±175,±134,±80,±61,±102,±70,±23,±144,±275,±85,±93,±169,±75,±16,±75,±15,±136,±114,±114,±61,±95,±172,±153,±220,±124,"±1,104",±135,±108,±441,±61,±67,±512,±130,±50,±137,±204,±88,"±1,027",±256,±74,±176
        Mean travel time to work (minutes),±0.2,±1.9,±2.6,±1.0,±0.4,±1.2,±2.9,±2.0,±1.7,±2.5,±1.4,±1.7,±2.7,±4.8,±1.4,±2.2,±0.7,±0.9,±1.0,±1.9,±2.8,±1.5,±1.6,±0.7,±3.1,±2.4,±0.9,±2.7,±1.4,±1.4,±1.4,±1.9,±1.5,±1.9,±2.0,±0.7,±1.6,±2.3,±1.8,±2.6,±2.9,±3.5,±1.8,±1.2,±2.5,±2.0,±1.0,±1.2,±2.8,±3.2,±3.4,±2.4,±1.8,±2.4,±1.9,±2.1,±2.4,±2.0,±1.0,±1.8,±0.4,±1.9,±1.3,±0.7,±3.5,±3.2,±0.7,±2.5,±1.6,±3.0,±0.9,±3.4,±0.5,±1.3,±2.0,±2.2
OCCUPATION,,,,,,,,,,,,,,,,,,,,,,,,,,,,,,,,,,,,,,,,,,,,,,,,,,,,,,,,,,,,,,,,,,,,,,,,,,,,
    Civilian employed population 16 years and over,"±6,125",±309,±372,±838,"±1,520",±578,±224,±194,±517,±277,±442,±301,±472,±248,±565,±397,"±1,222",±843,±745,±355,±236,±268,±418,"±1,361",±425,±366,"±1,084",±399,±695,±533,±530,±294,±629,±367,±334,±920,±547,±205,±342,±279,±502,±287,±521,±932,±479,±395,±711,±597,±258,±262,±351,±263,±567,±275,±529,±241,±416,±358,±938,±210,"±2,599",±352,±476,"±1,077",±287,±236,"±1,268",±392,±302,±427,±603,±446,"±1,972","±1,075",±193,±471
"        Management, business, science, and arts occupations","±5,381",±328,±288,±566,"±1,529",±636,±163,±91,±408,±171,±342,±229,±327,±189,±433,±316,"±1,133",±695,±546,±295,±110,±169,±398,"±1,293",±292,±272,±943,±349,±695,±302,±457,±228,±567,±240,±233,±674,±450,±121,±234,±170,±198,±261,±313,±851,±319,±227,±606,±564,±142,±197,±203,±170,±362,±201,±289,±187,±266,±370,±816,±174,"±2,164",±315,±279,"±1,242",±214,±190,"±1,477",±257,±204,±281,±507,±248,"±1,614",±903,±151,±400
        Service occupations,"±4,177",±218,±233,±414,"±1,259",±472,±162,±106,±323,±147,±319,±183,±328,±98,±321,±302,±842,±420,±406,±186,±180,±214,±217,±815,±240,±235,±735,±278,±442,±292,±399,±234,±422,±192,±207,±565,±283,±89,±204,±152,±163,±170,±269,±524,±178,±199,±303,±348,±138,±116,±256,±139,±352,±139,±266,±154,±263,±267,±568,±116,"±1,616",±175,±250,±832,±173,±127,±835,±225,±252,±209,±430,±279,"±1,047",±896,±109,±293
        Sales and office occupations,"±4,312",±241,±251,±436,"±1,144",±448,±128,±118,±448,±136,±297,±201,±292,±163,±296,±278,"±1,039",±699,±366,±275,±121,±216,±227,±920,±261,±166,±880,±304,±477,±287,±390,±173,±448,±168,±224,±428,±234,±120,±199,±91,±162,±166,±287,±592,±242,±194,±391,±422,±134,±146,±135,±140,±264,±144,±312,±162,±277,±269,±593,±154,"±2,061",±188,±272,"±1,271",±231,±168,±961,±233,±281,±236,±378,±184,"±1,184",±685,±127,±296
"        Natural resources, construction, and maintenance occupations","±2,705",±172,±186,±247,±872,±336,±140,±145,±294,±103,±225,±134,±243,±155,±204,±257,±557,±422,±333,±211,±68,±131,±266,±588,±186,±136,±676,±222,±367,±216,±296,±231,±303,±160,±140,±297,±258,±107,±149,±135,±164,±195,±215,±653,±263,±151,±284,±280,±77,±120,±157,±124,±177,±128,±185,±134,±193,±223,±369,±117,±932,±190,±270,±588,±127,±101,±720,±206,±167,±269,±295,±217,±977,±436,±85,±232
"        Production, transportation, and material moving occupations","±3,996",±220,±250,±432,"±1,087",±350,±173,±130,±298,±211,±303,±203,±302,±151,±355,±249,±784,±596,±442,±253,±170,±140,±280,±669,±278,±278,±564,±282,±470,±293,±389,±219,±470,±249,±203,±589,±356,±112,±235,±146,±253,±234,±361,±617,±255,±211,±380,±579,±158,±135,±213,±161,±374,±173,±304,±189,±282,±178,±538,±125,"±1,315",±261,±293,±598,±197,±154,±776,±362,±212,±147,±401,±266,"±1,133",±558,±134,±354
INDUSTRY,,,,,,,,,,,,,,,,,,,,,,,,,,,,,,,,,,,,,,,,,,,,,,,,,,,,,,,,,,,,,,,,,,,,,,,,,,,,
    Civilian employed population 16 years and over,"±6,125",±309,±372,±838,"±1,520",±578,±224,±194,±517,±277,±442,±301,±472,±248,±565,±397,"±1,222",±843,±745,±355,±236,±268,±418,"±1,361",±425,±366,"±1,084",±399,±695,±533,±530,±294,±629,±367,±334,±920,±547,±205,±342,±279,±502,±287,±521,±932,±479,±395,±711,±597,±258,±262,±351,±263,±567,±275,±529,±241,±416,±358,±938,±210,"±2,599",±352,±476,"±1,077",±287,±236,"±1,268",±392,±302,±427,±603,±446,"±1,972","±1,075",±193,±471
"        Agriculture, forestry, fishing and hunting, and mining","±1,596",±196,±152,±106,±408,±170,±117,±85,±286,±90,±105,±172,±95,±115,±136,±268,±279,±120,±167,±155,±36,±133,±129,±171,±114,±82,±255,±175,±251,±159,±121,±206,±152,±121,±126,±103,±157,±101,±131,±155,±93,±75,±175,±255,±154,±66,±140,±195,±87,±124,±154,±89,±66,±71,±165,±83,±191,±148,±194,±119,±246,±152,±186,±186,±127,±84,±327,±183,±159,±215,±173,±114,±315,±271,±74,±185
        Construction,"±2,829",±117,±160,±233,±769,±280,±97,±114,±324,±75,±233,±84,±233,±79,±119,±275,±521,±329,±237,±175,±67,±80,±168,±488,±156,±125,±530,±162,±349,±164,±250,±139,±271,±78,±143,±227,±147,±97,±137,±57,±90,±146,±102,±449,±248,±142,±249,±212,±77,±108,±103,±143,±201,±126,±124,±101,±231,±114,±302,±89,"±1,019",±198,±291,±628,±97,±82,±638,±180,±156,±196,±290,±194,±967,±345,±47,±154
        Manufacturing,"±3,438",±220,±297,±418,"±1,067",±306,±203,±84,±399,±184,±194,±158,±230,±133,±308,±253,±740,±578,±342,±150,±161,±147,±223,±535,±281,±152,±465,±266,±462,±322,±358,±301,±477,±201,±148,±514,±361,±93,±166,±117,±210,±197,±271,±329,±245,±245,±450,±539,±180,±118,±187,±124,±418,±125,±229,±199,±225,±196,±479,±93,"±1,021",±224,±264,±540,±241,±115,±751,±325,±221,±128,±354,±148,"±1,131",±560,±97,±358
        Wholesale trade,"±1,645",±86,±39,±137,±543,±145,±42,±17,±14,±62,±61,±93,±53,±39,±79,±67,±310,±182,±219,±98,±4,±112,±56,±291,±69,±108,±292,±119,±159,±67,±130,±22,±117,±41,±72,±161,±29,±13,±46,±28,±25,±43,±42,±257,±86,±44,±170,±109,±72,±60,±8,±11,±117,±39,±79,±67,±126,±109,±302,±34,±709,±74,±130,±449,±137,±60,±365,±67,±42,±41,±170,±56,±485,±196,±64,±88
        Retail trade,"±3,319",±181,±254,±481,"±1,104",±340,±75,±121,±329,±75,±302,±184,±249,±138,±284,±205,±772,±501,±341,±217,±72,±154,±289,±726,±187,±158,±713,±186,±454,±180,±381,±149,±323,±113,±194,±480,±220,±98,±190,±90,±161,±160,±245,±475,±192,±182,±309,±354,±92,±113,±136,±126,±185,±181,±241,±131,±190,±196,±449,±122,"±1,467",±175,±260,±683,±102,±159,±837,±217,±237,±180,±277,±157,±866,±529,±75,±226
"        Transportation and warehousing, and utilities","±2,734",±113,±185,±170,±658,±424,±49,±59,±177,±80,±192,±91,±199,±100,±199,±185,±342,±360,±283,±190,±118,±84,±81,±463,±180,±161,±272,±213,±242,±186,±189,±113,±289,±78,±104,±279,±184,±67,±162,±58,±81,±143,±146,±499,±263,±91,±281,±197,±120,±67,±59,±103,±169,±67,±137,±94,±152,±136,±463,±82,±887,±178,±218,±566,±78,±86,±632,±110,±117,±97,±188,±194,±778,±367,±84,±230
        Information,"±1,114",±73,±40,±118,±248,±97,±32,±22,±119,±19,±44,±30,±39,±21,±45,±105,±241,±120,±157,±42,±15,±39,±38,±334,±34,±14,±221,±79,±63,±18,±44,±101,±92,±41,±12,±92,±44,±21,±18,±3,±57,±19,±53,±160,±87,±62,±138,±183,±10,±15,±2,±20,±50,±42,±18,±52,±79,±99,±88,±24,±692,±11,±43,±317,±58,±17,±180,±19,±61,±41,±92,±4,±300,±151,±13,±117
"        Finance and insurance, and real estate and rental and leasing","±2,345",±72,±57,±237,±596,±172,±98,±43,±187,±62,±141,±139,±101,±103,±182,±88,±448,±325,±200,±97,±55,±68,±151,±505,±113,±84,±421,±135,±233,±152,±214,±38,±276,±85,±63,±267,±94,±48,±87,±27,±62,±102,±79,±392,±107,±94,±301,±224,±36,±66,±60,±74,±92,±47,±210,±71,±80,±78,±297,±86,±992,±70,±137,±905,±105,±65,±454,±71,±112,±59,±274,±174,±557,±290,±117,±152
"        Professional, scientific, and management, and administrative and waste management services","±2,723",±123,±96,±248,±717,±292,±122,±100,±194,±58,±129,±74,±200,±102,±173,±263,±560,±448,±210,±125,±54,±140,±180,±676,±119,±64,±568,±140,±296,±141,±223,±49,±173,±67,±90,±293,±171,±48,±73,±74,±88,±106,±187,±363,±143,±141,±259,±170,±60,±71,±135,±39,±180,±114,±119,±67,±168,±153,±375,±112,"±1,432",±128,±107,±594,±88,±60,±678,±170,±116,±97,±259,±104,±882,±695,±87,±154
"        Educational services, and health care and social assistance","±4,710",±246,±258,±466,"±1,263",±447,±162,±122,±328,±173,±311,±213,±314,±179,±387,±275,±977,±587,±475,±218,±128,±198,±376,"±1,140",±226,±277,±911,±282,±488,±266,±407,±217,±491,±214,±188,±612,±259,±119,±187,±109,±182,±199,±317,±618,±228,±184,±421,±448,±146,±147,±256,±136,±348,±143,±302,±158,±271,±271,±586,±155,"±1,794",±235,±227,"±1,020",±178,±183,±865,±264,±242,±198,±399,±251,"±1,436","±1,011",±147,±284
"        Arts, entertainment, and recreation, and accommodation and food services","±3,053",±119,±180,±205,±817,±339,±124,±44,±263,±93,±286,±90,±189,±30,±205,±173,±598,±339,±311,±118,±131,±117,±142,±739,±169,±145,±726,±166,±202,±259,±298,±128,±284,±136,±136,±356,±278,±41,±200,±130,±75,±133,±131,±406,±91,±78,±246,±261,±88,±88,±161,±100,±190,±88,±217,±170,±132,±180,±505,±35,±991,±138,±132,±491,±74,±62,±662,±97,±156,±159,±280,±162,"±1,073",±525,±87,±197
"        Other services, except public administration","±1,895",±112,±42,±260,±560,±277,±64,±29,±234,±90,±159,±85,±156,±81,±228,±77,±516,±360,±249,±81,±50,±81,±137,±417,±77,±78,±521,±180,±205,±166,±306,±105,±257,±84,±76,±397,±254,±63,±99,±93,±114,±123,±174,±234,±146,±127,±166,±175,±57,±72,±136,±50,±143,±36,±104,±96,±140,±145,±260,±60,±925,±80,±130,±446,±77,±45,±484,±148,±146,±117,±198,±126,±857,±436,±37,±131
        Public administration,"±1,967",±129,±267,±185,±388,±128,±87,±88,±127,±112,±113,±77,±190,±59,±62,±112,±417,±189,±179,±155,±135,±126,±180,±389,±213,±109,±317,±152,±127,±104,±198,±100,±190,±158,±142,±371,±123,±82,±92,±110,±131,±113,±87,±400,±121,±95,±284,±183,±92,±82,±41,±93,±250,±84,±174,±65,±124,±116,±180,±73,"±1,000",±95,±184,±529,±113,±74,±469,±88,±127,±225,±157,±92,±398,±186,±54,±92
CLASS OF WORKER,,,,,,,,,,,,,,,,,,,,,,,,,,,,,,,,,,,,,,,,,,,,,,,,,,,,,,,,,,,,,,,,,,,,,,,,,,,,
    Civilian employed population 16 years and over,"±6,125",±309,±372,±838,"±1,520",±578,±224,±194,±517,±277,±442,±301,±472,±248,±565,±397,"±1,222",±843,±745,±355,±236,±268,±418,"±1,361",±425,±366,"±1,084",±399,±695,±533,±530,±294,±629,±367,±334,±920,±547,±205,±342,±279,±502,±287,±521,±932,±479,±395,±711,±597,±258,±262,±351,±263,±567,±275,±529,±241,±416,±358,±938,±210,"±2,599",±352,±476,"±1,077",±287,±236,"±1,268",±392,±302,±427,±603,±446,"±1,972","±1,075",±193,±471
        Private wage and salary workers,"±6,290",±332,±382,±685,"±1,889",±649,±237,±177,±668,±248,±475,±283,±483,±244,±534,±429,"±1,305",±776,±688,±352,±227,±292,±429,"±1,479",±407,±400,"±1,244",±358,±800,±488,±586,±333,±690,±323,±260,±875,±561,±179,±305,±236,±410,±321,±473,±857,±395,±361,±669,±629,±258,±276,±334,±232,±552,±275,±565,±282,±468,±298,±840,±237,"±2,637",±347,±470,"±1,260",±295,±222,"±1,284",±429,±332,±365,±565,±390,"±2,064","±1,238",±201,±464
        Government workers,"±3,537",±210,±300,±353,±819,±365,±174,±157,±384,±191,±255,±176,±215,±132,±283,±202,±635,±448,±325,±221,±153,±181,±289,±797,±257,±240,±701,±313,±302,±251,±340,±201,±442,±239,±202,±666,±200,±123,±175,±128,±191,±206,±225,±497,±213,±160,±389,±467,±148,±135,±197,±178,±361,±139,±356,±177,±217,±255,±449,±102,"±1,397",±195,±311,±880,±203,±162,±849,±218,±234,±249,±443,±171,"±1,202",±627,±110,±194
        Self-employed in own not incorporated business workers,"±2,343",±122,±76,±287,"±1,031",±227,±57,±38,±268,±59,±163,±135,±203,±87,±212,±319,±490,±282,±255,±186,±58,±70,±139,±466,±171,±145,±431,±125,±315,±137,±222,±132,±271,±128,±185,±346,±155,±90,±112,±121,±112,±105,±147,±294,±182,±159,±201,±163,±89,±136,±122,±118,±149,±89,±172,±117,±204,±205,±396,±105,±916,±196,±186,±462,±122,±111,±421,±177,±124,±193,±200,±147,±670,±365,±90,±203
        Unpaid family workers,±430,±59,±5,±127,±44,±31,±19,±17,±36,±10,±26,±19,±23,±17,±17,±23,±85,±94,±15,±18,±17,±36,±6,±97,±9,±19,±80,±20,±20,±51,±79,±19,±18,±19,±19,±25,±13,±17,±20,±4,±43,±19,±61,±29,±24,±15,±21,±90,±18,±8,±17,±17,±23,±9,±35,±12,±14,±50,±77,±39,±224,±21,±24,±82,±16,±17,±41,±19,±19,±21,±26,±28,±73,±112,±17,±29
INCOME AND BENEFITS (IN 2020 INFLATION-ADJUSTED DOLLARS),,,,,,,,,,,,,,,,,,,,,,,,,,,,,,,,,,,,,,,,,,,,,,,,,,,,,,,,,,,,,,,,,,,,,,,,,,,,
    Total households,"±4,411",±273,±261,±414,±734,±333,±225,±146,±413,±186,±347,±219,±357,±162,±438,±285,±589,±446,±351,±228,±219,±253,±309,±604,±339,±281,±687,±214,±317,±412,±365,±217,±383,±276,±268,±582,±252,±186,±229,±211,±493,±279,±304,±400,±287,±354,±355,±453,±200,±219,±294,±207,±456,±205,±358,±174,±262,±295,±587,±161,"±1,374",±304,±338,±587,±208,±171,±567,±244,±342,±304,±405,±292,±747,±527,±176,±264
"        Less than $10,000","±2,164",±183,±174,±244,±465,±292,±116,±67,±240,±147,±217,±112,±134,±101,±298,±144,±580,±301,±281,±102,±123,±136,±219,±517,±229,±113,±391,±148,±324,±225,±178,±107,±305,±144,±165,±373,±255,±107,±124,±156,±94,±132,±138,±269,±104,±190,±326,±280,±95,±106,±126,±77,±279,±91,±272,±96,±192,±128,±310,±77,±984,±165,±258,±356,±113,±91,±448,±141,±152,±204,±289,±179,±726,±339,±110,±135
"        $10,000 to $14,999","±1,839",±155,±175,±178,±354,±234,±78,±37,±214,±116,±153,±170,±167,±79,±208,±211,±418,±293,±248,±152,±99,±149,±148,±292,±214,±106,±346,±168,±243,±118,±270,±110,±207,±130,±112,±360,±131,±83,±153,±141,±129,±135,±141,±240,±119,±115,±268,±220,±102,±74,±148,±82,±186,±78,±241,±114,±181,±146,±276,±76,±778,±195,±217,±310,±117,±130,±417,±171,±122,±152,±246,±133,±429,±297,±71,±129
"        $15,000 to $24,999","±2,800",±175,±258,±393,±697,±257,±118,±67,±287,±177,±272,±125,±211,±145,±209,±270,±571,±395,±301,±199,±135,±222,±226,±492,±199,±206,±571,±155,±304,±217,±300,±256,±338,±141,±194,±451,±227,±96,±171,±154,±138,±171,±173,±388,±212,±182,±354,±374,±127,±125,±118,±121,±274,±172,±252,±102,±224,±299,±447,±112,"±1,285",±245,±230,±579,±136,±112,±605,±165,±190,±206,±294,±187,±910,±594,±121,±192
"        $25,000 to $34,999","±2,429",±131,±185,±353,±497,±283,±140,±61,±259,±148,±240,±150,±240,±96,±222,±191,±615,±497,±317,±194,±107,±168,±217,±456,±188,±171,±521,±110,±302,±245,±262,±185,±328,±121,±164,±423,±269,±129,±159,±62,±130,±142,±150,±327,±192,±219,±317,±313,±125,±110,±133,±122,±264,±162,±136,±115,±175,±188,±416,±113,"±1,193",±181,±252,±484,±144,±118,±769,±144,±211,±119,±331,±226,±891,±464,±89,±248
"        $35,000 to $49,999","±3,287",±141,±203,±339,±886,±312,±150,±78,±265,±134,±175,±213,±322,±143,±266,±236,±565,±445,±383,±212,±139,±129,±152,±555,±180,±179,±722,±211,±337,±210,±268,±153,±342,±178,±218,±487,±237,±103,±155,±111,±137,±166,±246,±481,±181,±209,±362,±349,±108,±169,±118,±133,±291,±128,±261,±113,±240,±245,±464,±116,"±1,079",±225,±361,±569,±185,±115,±895,±200,±205,±162,±290,±201,±973,±487,±121,±194
"        $50,000 to $74,999","±3,131",±279,±224,±437,"±1,046",±367,±149,±92,±351,±157,±237,±180,±276,±127,±289,±214,±669,±552,±365,±187,±116,±195,±205,±653,±217,±157,±788,±240,±459,±283,±344,±186,±382,±166,±195,±523,±197,±133,±200,±114,±286,±188,±230,±427,±188,±222,±384,±371,±123,±159,±238,±130,±286,±134,±274,±135,±251,±223,±478,±157,"±1,346",±205,±260,±764,±198,±108,±746,±184,±208,±229,±343,±214,"±1,012",±522,±113,±230
"        $75,000 to $99,999","±2,790",±194,±266,±290,"±1,090",±299,±130,±88,±285,±93,±190,±139,±228,±118,±191,±224,±531,±474,±299,±159,±89,±116,±193,±453,±227,±159,±535,±225,±384,±191,±341,±112,±318,±129,±121,±318,±217,±70,±139,±129,±130,±154,±194,±473,±183,±143,±272,±278,±128,±103,±97,±127,±233,±106,±142,±108,±183,±145,±352,±94,"±1,170",±236,±182,±639,±108,±111,±579,±157,±167,±144,±290,±174,±830,±381,±110,±236
"        $100,000 to $149,999","±2,892",±200,±215,±283,±941,±319,±124,±60,±269,±100,±174,±112,±168,±115,±167,±181,±572,±454,±346,±154,±92,±79,±204,±493,±120,±123,±496,±218,±353,±190,±256,±103,±308,±98,±154,±328,±160,±97,±140,±77,±79,±151,±146,±469,±178,±110,±286,±312,±74,±113,±99,±73,±239,±154,±171,±112,±150,±134,±315,±95,"±1,059",±169,±202,±624,±137,±86,±734,±147,±99,±119,±285,±127,"±1,024",±492,±74,±162
"        $150,000 to $199,999","±1,773",±95,±47,±210,±587,±156,±58,±88,±130,±29,±58,±38,±124,±65,±99,±107,±307,±221,±139,±106,±42,±28,±109,±420,±67,±109,±313,±189,±118,±102,±123,±65,±151,±73,±62,±211,±95,±52,±66,±31,±38,±106,±89,±335,±65,±43,±192,±179,±58,±46,±49,±20,±133,±53,±79,±53,±104,±85,±247,±55,±636,±73,±79,±360,±46,±43,±315,±64,±73,±60,±209,±87,±589,±201,±33,±91
"        $200,000 or more","±1,806",±67,±78,±155,±773,±149,±44,±6,±199,±59,±120,±61,±168,±32,±128,±142,±303,±173,±138,±59,±17,±68,±85,±296,±59,±42,±207,±112,±111,±141,±117,±62,±130,±52,±77,±251,±68,±14,±35,±63,±88,±44,±82,±241,±68,±74,±121,±186,±45,±43,±12,±16,±57,±32,±66,±68,±51,±103,±248,±58,±700,±54,±85,±367,±57,±25,±380,±97,±68,±45,±163,±60,±603,±255,±73,±54
        Median household income (dollars),±431,"±1,670","±4,608","±2,832","±2,042","±2,981","±3,774","±4,001","±5,253","±2,833","±3,635","±2,667","±1,620","±5,671","±5,385","±3,578","±2,148","±2,459","±3,232","±3,976","±3,896","±4,711","±6,857","±3,240","±4,612","±3,269","±2,999","±5,045","±3,363","±6,961","±5,226","±4,974","±1,818","±2,769","±3,141","±2,578","±2,879","±3,590","±3,950","±7,259","±6,324","±5,041","±2,634","±2,637","±4,791","±2,064","±2,830","±2,383","±8,841","±4,295","±6,166","±5,755","±2,379","±4,847","±5,950","±3,895","±3,383","±3,076","±2,798","±3,306","±1,369","±4,576","±3,541","±2,276","±3,245","±4,130","±2,067","±2,245","±3,274","±4,760","±3,346","±2,813","±1,270","±1,849","±6,927","±5,884"
        Mean household income (dollars),±648,"±4,226","±5,392","±4,551","±3,614","±3,368","±4,565","±7,177","±6,694","±5,675","±4,209","±2,944","±4,054","±5,025","±8,563","±6,254","±3,727","±3,607","±2,586","±6,498","±4,423","±3,765","±7,347","±2,501","±3,382","±3,888","±2,681","±7,994","±2,769","±5,845","±4,061","±4,802","±4,650","±7,489","±3,749","±3,590","±4,605","±5,803","±2,936","±15,444","±6,657","±4,383","±4,230","±2,629","±4,890","±3,608","±2,989","±3,684","±4,175","±4,037","±3,851","±3,822","±3,027","±4,802","±3,762","±6,162","±3,113","±5,622","±5,911","±5,522","±1,764","±4,138","±4,813","±2,874","±4,625","±5,423","±7,602","±8,184","±6,363","±6,383","±4,668","±3,798","±2,459","±3,685","±5,770","±5,155"
        With earnings,"±4,685",±239,±293,±449,"±1,035",±433,±244,±155,±405,±208,±394,±272,±387,±167,±406,±371,±875,±617,±526,±289,±196,±289,±322,±754,±369,±280,±765,±263,±496,±398,±402,±247,±486,±239,±270,±686,±331,±188,±244,±210,±432,±288,±295,±506,±367,±292,±566,±506,±218,±232,±312,±217,±457,±217,±375,±202,±350,±283,±611,±184,"±1,576",±310,±377,±731,±261,±198,±912,±312,±274,±320,±449,±331,"±1,051",±614,±164,±313
            Mean earnings (dollars),±809,"±5,648","±8,147","±5,523","±3,998","±4,038","±5,380","±7,963","±8,019","±8,590","±4,219","±3,825","±3,423","±5,431","±13,028","±5,795","±4,602","±3,160","±3,116","±4,916","±5,212","±4,662","±6,922","±2,775","±4,241","±6,484","±3,486","±11,417","±3,101","±6,633","±4,100","±6,361","±5,031","±4,664","±3,914","±4,426","±5,969","±5,328","±4,087","±24,284","±9,033","±5,891","±5,163","±3,249","±6,570","±4,562","±3,135","±4,133","±5,204","±5,423","±4,500","±4,440","±3,776","±6,069","±4,578","±8,203","±3,510","±4,867","±8,020","±6,944","±1,722","±4,730","±7,013","±3,374","±6,237","±4,663","±9,767","±10,200","±10,585","±11,313","±5,577","±4,428","±2,868","±4,146","±7,683","±4,770"
        With Social Security,"±2,882",±179,±269,±384,±737,±376,±165,±103,±298,±156,±171,±179,±281,±126,±306,±267,±586,±426,±357,±195,±130,±163,±241,±537,±233,±200,±703,±242,±361,±255,±327,±208,±401,±164,±200,±449,±248,±145,±154,±101,±159,±181,±192,±336,±240,±235,±397,±407,±113,±155,±160,±167,±268,±163,±239,±121,±202,±184,±434,±98,"±1,295",±198,±195,±518,±135,±135,±525,±260,±271,±273,±372,±214,±741,±411,±118,±171
            Mean Social Security income (dollars),±109,"±1,272","±1,138",±680,±767,±965,"±1,508","±1,724",±929,"±1,133","±1,160",±993,±958,"±1,414",±874,"±1,023",±654,±850,±642,"±1,401",±867,"±1,189","±1,353",±868,"±1,004","±1,292",±738,"±1,421",±892,"±1,146","±1,146","±1,276",±909,±981,"±1,112",±661,"±1,148","±1,817",±745,"±1,574","±1,545","±1,378",±851,±700,"±1,334","±1,150","±1,176","±1,124",±992,"±1,254","±2,375","±1,709","±1,240","±1,633","±1,061","±1,256","±1,148","±1,001",±669,"±1,635",±480,"±1,341","±1,089",±684,"±1,384","±1,206",±557,"±1,463",±970,"±1,153",±839,"±1,180",±508,±840,"±1,203","±1,330"
        With retirement income,"±2,759",±195,±185,±466,±771,±305,±111,±96,±366,±104,±227,±162,±310,±138,±277,±266,±630,±467,±271,±158,±101,±158,±211,±508,±190,±198,±594,±249,±433,±250,±381,±169,±342,±215,±187,±420,±263,±84,±133,±178,±159,±174,±183,±451,±184,±211,±336,±365,±145,±177,±145,±121,±271,±179,±292,±125,±179,±217,±472,±117,"±1,078",±210,±233,±617,±142,±125,±790,±148,±237,±235,±374,±229,±766,±599,±86,±253
            Mean retirement income (dollars),±522,"±3,412","±4,363","±1,626","±2,271","±3,321","±4,468","±6,145","±2,907","±3,148","±3,247","±3,247","±5,112","±4,680","±9,511","±2,240","±3,415","±1,806","±3,059","±3,210","±3,481","±6,569","±4,446","±3,393","±6,025","±2,960","±1,880","±3,752","±2,561","±3,124","±3,028","±3,427","±4,423","±1,725","±4,045","±4,620","±3,782","±3,794","±2,057","±2,737","±3,813","±7,177","±3,666","±2,517","±3,680","±2,696","±4,489","±3,726","±2,503","±3,672","±4,922","±10,001","±3,054","±3,939","±2,230","±4,157","±3,524","±19,538","±2,600","±2,640","±1,407","±2,527","±2,262","±2,938","±3,224","±3,346","±3,915","±4,722","±1,629","±3,498","±1,473","±2,188","±1,875","±1,861","±4,436","±2,707"
        With Supplemental Security Income,"±2,172",±175,±194,±220,±412,±208,±93,±63,±252,±134,±139,±125,±143,±76,±189,±241,±415,±316,±266,±104,±94,±177,±126,±319,±191,±110,±429,±159,±268,±236,±248,±120,±179,±123,±135,±405,±189,±73,±141,±103,±112,±92,±120,±241,±111,±91,±235,±329,±77,±88,±99,±65,±209,±113,±268,±82,±223,±127,±415,±84,"±1,030",±204,±247,±344,±72,±108,±467,±92,±144,±151,±188,±130,±539,±304,±71,±127
            Mean Supplemental Security Income (dollars),±148,±799,"±1,673","±1,075",±814,±939,"±1,943","±3,618","±1,160","±1,602","±3,391",±933,"±1,387","±1,198","±1,186","±1,316",±823,"±2,847",±937,"±1,429","±1,010",±892,"±1,658",±831,"±1,181","±2,183",±786,"±1,866",±814,"±1,406","±1,148","±1,423","±1,224","±1,844","±1,237",±833,"±1,353","±2,423",±786,±861,"±1,554","±1,574","±1,318",±890,"±1,304","±1,529","±1,390",±607,"±1,433","±2,285","±1,279","±3,416",±964,"±1,663",±639,"±1,842",±813,"±1,155","±1,271","±1,295",±579,"±1,535",±886,±892,"±1,633","±1,762",±929,"±1,515","±1,917","±1,262","±1,366","±1,243",±789,±938,"±1,293",±961
        With cash public assistance income,"±1,230",±55,±57,±147,±146,±81,±29,±21,±82,±45,±93,±90,±93,±45,±87,±86,±216,±118,±101,±55,±69,±137,±96,±209,±92,±46,±246,±139,±123,±78,±143,±25,±110,±18,±54,±375,±63,±17,±65,±54,±65,±29,±72,±138,±110,±44,±94,±111,±24,±24,±41,±49,±116,±45,±56,±33,±107,±99,±177,±22,±397,±49,±77,±252,±54,±44,±300,±24,±93,±194,±88,±39,±470,±186,±29,±77
            Mean cash public assistance income (dollars),±362,"±1,237","±1,134","±1,585","±1,633","±2,113","±1,682","±1,671","±1,175","±2,543","±4,140",±842,"±3,400","±1,129","±1,469","±1,665","±1,236","±2,111","±1,257","±1,134","±1,002","±1,016",±761,"±1,045","±2,303","±1,081",±609,"±1,313","±1,166","±1,078","±2,808",N,"±1,504","±1,670",±571,±540,"±3,247",±344,"±1,246",±488,"±1,347","±1,119","±1,568","±1,530","±1,778","±1,012",±926,±349,N,"±1,037","±2,506",±425,"±1,176","±1,891",±509,"±1,126","±1,106","±1,723","±1,111",N,±795,"±2,305","±1,772","±1,649",±895,"±1,078","±1,128",±909,±718,"±1,189",±335,±477,"±3,624","±2,593",±859,"±1,062"
        With Food Stamp/SNAP benefits in the past 12 months,"±2,605",±209,±264,±284,±532,±228,±185,±75,±164,±151,±205,±184,±210,±88,±250,±247,±504,±376,±353,±171,±130,±182,±203,±442,±247,±158,±510,±212,±431,±242,±397,±215,±234,±132,±235,±427,±190,±98,±204,±154,±162,±166,±184,±338,±158,±146,±359,±416,±133,±141,±177,±137,±321,±138,±355,±132,±245,±205,±385,±126,"±1,301",±194,±330,±370,±176,±104,±679,±196,±192,±220,±281,±173,±611,±435,±126,±193
    Families,"±5,118",±296,±285,±548,"±1,170",±510,±261,±144,±396,±206,±355,±243,±378,±175,±478,±391,±876,±678,±509,±309,±215,±243,±337,±730,±364,±293,±731,±274,±567,±453,±514,±201,±539,±228,±292,±652,±349,±187,±257,±209,±402,±320,±358,±593,±299,±341,±501,±549,±219,±231,±290,±211,±402,±224,±408,±201,±318,±295,±625,±163,"±2,039",±285,±405,"±1,035",±208,±214,"±1,099",±296,±322,±288,±449,±353,"±1,475",±754,±174,±363
"        Less than $10,000","±1,467",±127,±80,±99,±308,±135,±69,±36,±104,±93,±119,±56,±92,±80,±210,±97,±472,±175,±258,±51,±55,±137,±167,±286,±86,±81,±235,±65,±257,±102,±131,±49,±184,±48,±115,±216,±76,±75,±80,±117,±64,±59,±89,±183,±76,±127,±194,±202,±71,±70,±68,±42,±161,±103,±262,±39,±111,±84,±172,±56,±565,±101,±195,±214,±63,±33,±365,±95,±85,±91,±195,±84,±509,±237,±79,±90
"        $10,000 to $14,999","±1,169",±59,±89,±91,±266,±178,±29,±23,±51,±56,±60,±122,±122,±58,±124,±113,±228,±175,±170,±109,±50,±57,±66,±197,±86,±79,±237,±106,±206,±69,±190,±65,±97,±38,±78,±289,±80,±59,±45,±63,±100,±97,±62,±118,±88,±64,±121,±187,±71,±55,±122,±47,±121,±31,±129,±81,±104,±95,±138,±43,±467,±63,±143,±188,±32,±73,±230,±70,±66,±73,±230,±79,±363,±231,±45,±88
"        $15,000 to $24,999","±2,145",±74,±195,±305,±542,±165,±88,±40,±160,±149,±199,±80,±114,±67,±156,±194,±367,±354,±184,±161,±91,±128,±185,±333,±164,±143,±385,±71,±212,±192,±192,±218,±224,±109,±114,±331,±179,±49,±129,±100,±127,±104,±140,±315,±146,±105,±267,±261,±67,±105,±99,±101,±219,±116,±182,±83,±153,±214,±318,±59,±967,±173,±274,±356,±115,±94,±471,±125,±139,±134,±179,±147,±603,±318,±89,±149
"        $25,000 to $34,999","±2,360",±116,±150,±355,±431,±192,±106,±35,±241,±132,±186,±160,±165,±96,±224,±121,±490,±425,±255,±156,±104,±154,±154,±436,±153,±125,±405,±101,±346,±186,±197,±147,±209,±94,±122,±322,±230,±105,±160,±48,±114,±121,±121,±256,±169,±209,±243,±250,±69,±86,±106,±67,±215,±140,±129,±101,±142,±156,±362,±105,±763,±142,±166,±341,±92,±106,±575,±139,±192,±111,±285,±223,±654,±434,±81,±220
"        $35,000 to $49,999","±2,805",±126,±182,±275,±687,±253,±116,±77,±228,±90,±146,±179,±258,±100,±237,±206,±484,±380,±273,±162,±129,±122,±118,±434,±171,±171,±442,±166,±377,±182,±211,±153,±260,±161,±167,±396,±233,±94,±127,±114,±117,±123,±199,±361,±155,±165,±371,±268,±67,±150,±87,±129,±236,±128,±172,±107,±227,±178,±363,±95,±883,±188,±239,±522,±166,±111,±642,±196,±181,±155,±254,±167,±828,±531,±81,±201
"        $50,000 to $74,999","±2,741",±210,±220,±369,±939,±307,±133,±93,±312,±130,±211,±147,±255,±109,±247,±179,±635,±509,±305,±149,±117,±184,±162,±478,±212,±149,±704,±214,±385,±228,±296,±156,±332,±161,±182,±425,±221,±121,±181,±108,±268,±169,±211,±382,±150,±221,±364,±329,±127,±148,±193,±115,±203,±150,±242,±119,±222,±175,±340,±111,"±1,033",±190,±237,±577,±166,±105,±665,±180,±192,±222,±286,±178,±950,±461,±97,±211
"        $75,000 to $99,999","±2,560",±163,±255,±243,"±1,076",±262,±100,±86,±254,±71,±172,±101,±200,±109,±190,±219,±473,±439,±244,±158,±86,±109,±180,±432,±223,±149,±503,±210,±371,±185,±317,±109,±294,±119,±105,±295,±175,±95,±130,±110,±122,±140,±193,±459,±185,±123,±267,±297,±103,±102,±76,±127,±217,±96,±141,±115,±151,±143,±351,±92,±966,±224,±144,±571,±98,±102,±528,±155,±162,±144,±279,±171,±756,±375,±108,±219
"        $100,000 to $149,999","±2,731",±178,±208,±238,±893,±305,±124,±60,±247,±92,±179,±99,±154,±117,±164,±185,±561,±430,±302,±154,±88,±84,±193,±438,±116,±116,±485,±205,±319,±190,±252,±102,±300,±90,±152,±324,±148,±69,±134,±74,±76,±145,±147,±435,±166,±103,±283,±256,±76,±112,±96,±74,±220,±126,±170,±99,±144,±124,±316,±94,±887,±131,±206,±524,±136,±86,±658,±141,±87,±113,±252,±115,±787,±466,±75,±150
"        $150,000 to $199,999","±1,589",±93,±46,±214,±548,±129,±60,±88,±107,±29,±57,±38,±105,±65,±96,±97,±288,±207,±141,±103,±39,±28,±106,±406,±57,±106,±257,±189,±107,±102,±122,±53,±126,±74,±41,±194,±81,±46,±61,±27,±38,±106,±89,±325,±45,±43,±197,±131,±58,±46,±46,±20,±125,±53,±79,±53,±103,±78,±235,±54,±594,±69,±67,±352,±48,±43,±305,±64,±74,±60,±141,±87,±590,±216,±4,±91
"        $200,000 or more","±1,665",±66,±76,±139,±739,±148,±44,±6,±195,±57,±120,±61,±74,±31,±131,±131,±274,±162,±128,±55,±17,±68,±76,±281,±59,±42,±196,±112,±115,±141,±110,±62,±129,±52,±74,±156,±64,±8,±35,±48,±85,±43,±81,±216,±48,±71,±115,±178,±45,±43,±12,±16,±57,±32,±66,±68,±51,±100,±238,±56,±611,±53,±73,±351,±25,±24,±358,±97,±67,±45,±157,±60,±577,±230,±72,±47
        Median family income (dollars),±542,"±3,757","±4,783","±2,677","±2,517","±5,024","±4,224","±7,523","±3,115","±3,631","±2,771","±3,947","±3,441","±10,842","±6,231","±3,331","±3,825","±2,007","±2,238","±8,533","±9,655","±6,303","±9,591","±2,721","±6,600","±9,941","±2,086","±9,561","±2,580","±6,043","±3,513","±4,471","±3,691","±2,781","±5,831","±3,916","±3,152","±7,005","±2,868","±10,292","±7,599","±7,726","±3,700","±3,319","±10,282","±4,462","±3,476","±2,926","±4,017","±6,083","±9,892","±5,586","±4,768","±7,651","±5,559","±3,996","±3,513","±4,798","±6,423","±9,905","±2,035","±3,842","±4,101","±2,479","±7,212","±4,520","±2,668","±3,402","±3,708","±4,747","±5,782","±4,673","±2,427","±3,545","±9,726","±6,016"
        Mean family income (dollars),±937,"±5,805","±7,665","±5,963","±4,689","±4,659","±6,117","±8,364","±9,539","±6,545","±5,809","±3,739","±3,526","±7,143","±6,879","±5,407","±5,447","±2,774","±3,064","±8,996","±5,119","±5,447","±7,058","±3,561","±4,438","±5,644","±3,949","±11,187","±3,552","±7,689","±4,448","±6,579","±5,945","±12,449","±4,813","±3,866","±3,459","±5,915","±4,078","±24,540","±7,087","±5,633","±4,895","±3,588","±5,386","±5,449","±3,776","±3,896","±5,772","±4,531","±4,994","±5,184","±3,950","±5,867","±5,567","±8,293","±3,824","±6,036","±8,842","±8,128","±2,717","±4,071","±5,408","±3,308","±4,939","±4,733","±11,580","±10,673","±9,790","±8,680","±6,434","±4,486","±3,959","±4,711","±7,575","±4,852"
    Per capita income (dollars),±245,"±1,945","±1,824","±1,962","±1,259","±1,354","±1,506","±1,994","±2,635","±2,136","±1,389","±1,321","±1,990","±2,243","±2,961","±2,555","±1,297","±1,393",±910,"±2,457","±1,289","±1,436","±3,108",±953,"±1,454","±1,662",±994,"±3,104","±1,006","±1,907","±1,673","±2,114","±1,727","±2,435","±1,387","±1,303","±2,399","±2,375","±1,155","±5,630","±2,442","±2,055","±1,948","±1,031","±2,055","±1,639","±1,388","±1,390","±2,039","±1,589","±1,697","±1,809","±1,228","±1,724","±1,446","±2,465","±1,244","±2,307","±1,569","±2,443",±747,"±2,450","±1,926","±1,045","±1,723","±2,194","±2,488","±2,824","±2,593","±2,283","±2,107","±1,596",±873,"±1,303","±2,692","±1,984"
    Nonfamily households,"±4,290",±307,±325,±507,"±1,174",±471,±230,±105,±418,±201,±378,±240,±389,±158,±420,±304,±886,±548,±510,±275,±200,±262,±363,±770,±321,±221,±856,±293,±581,±386,±399,±206,±458,±264,±301,±719,±302,±145,±205,±190,±229,±294,±287,±596,±280,±338,±497,±416,±212,±146,±212,±158,±405,±170,±409,±164,±292,±290,±639,±152,"±1,941",±329,±404,"±1,059",±184,±176,"±1,023",±244,±279,±268,±480,±304,"±1,497",±750,±185,±305
        Median nonfamily income (dollars),±523,"±3,157","±2,276","±2,542","±3,368","±2,549","±6,485","±5,993","±2,171","±2,171","±1,335","±5,105","±3,800","±2,319","±4,617","±3,973","±1,933","±2,407","±2,399","±5,990","±2,452","±4,659","±4,549","±2,113","±2,455","±4,177","±2,608","±4,937","±2,492","±5,609","±3,419","±2,790","±3,313","±4,783","±3,026","±2,519","±3,127","±2,964","±2,383","±1,466","±6,095","±4,580","±2,857","±5,374","±2,459","±2,033","±2,912","±2,750","±3,110","±2,525","±13,724","±5,981","±3,196","±1,275","±3,112","±3,245","±2,249","±4,369","±2,965","±3,752","±1,559","±2,816","±2,764","±3,444","±3,946","±4,255","±1,924","±3,466","±1,856","±2,575","±3,913","±3,415","±1,520","±1,452","±3,492","±2,406"
        Mean nonfamily income (dollars),±727,"±3,968","±3,509","±5,318","±3,463","±3,301","±4,921","±3,869","±3,488","±10,598","±2,924","±3,361","±11,495","±4,667","±24,158","±12,973","±4,198","±10,619","±4,681","±3,603","±3,144","±3,371","±15,256","±4,186","±4,106","±4,185","±2,529","±4,329","±3,751","±3,270","±7,753","±5,587","±4,315","±3,295","±4,320","±6,701","±12,299","±12,360","±2,906","±6,396","±5,211","±4,722","±6,033","±3,050","±13,720","±3,831","±4,886","±6,442","±3,839","±3,807","±6,462","±3,992","±3,412","±4,960","±2,856","±5,983","±3,079","±13,630","±4,138","±4,224","±1,632","±6,252","±9,644","±2,796","±7,668","±12,363","±3,735","±5,009","±2,352","±3,524","±7,426","±3,577","±2,861","±4,899","±6,602","±11,296"
    Median earnings for workers (dollars),±172,"±2,203","±3,467","±1,930",±841,"±2,466","±2,721","±3,967","±2,641","±5,114","±2,109","±2,143","±1,850","±4,386","±2,479","±2,144","±1,426","±1,628","±1,378","±1,569","±3,699","±2,236","±3,482",±909,"±2,008","±3,177",±872,"±2,052","±1,480","±3,796","±2,020","±1,689","±1,461","±3,072","±2,775","±1,214","±1,418","±1,975","±1,603","±2,247","±4,580","±3,875","±1,603","±1,633","±3,852","±2,466","±2,740","±1,117","±1,704","±5,491","±3,476","±3,776","±2,541","±4,912","±2,620","±1,552","±2,497","±1,110","±1,177","±2,502",±715,"±2,525","±2,187","±1,182","±2,960","±3,492","±1,082","±1,765","±2,015","±2,703","±2,401","±3,965",±595,"±1,958","±3,166","±1,786"
"    Median earnings for male full-time, year-round workers (dollars)",±495,"±1,873","±4,919","±2,546","±1,291",±944,"±2,271","±9,229","±7,070","±4,127","±3,636","±3,373","±3,542","±8,764","±4,009","±3,392","±2,396","±2,618","±3,322","±5,167","±9,436","±3,773","±7,307","±2,862","±4,805","±7,206","±2,652","±4,103","±3,076","±3,225","±2,732","±6,223","±1,442","±4,812","±2,607","±2,764","±2,110","±3,358","±2,496","±5,162","±11,639","±6,525","±4,088","±2,270","±2,111","±3,323","±3,969","±3,704","±4,690","±3,740","±2,620","±4,518","±4,300","±7,878","±4,687","±4,245","±2,026","±3,443","±6,013","±1,514","±1,299","±3,003","±3,316","±1,814","±3,802","±3,697","±2,045","±6,039","±4,331","±5,850","±3,247","±5,416","±2,126","±2,178","±2,198","±2,168"
"    Median earnings for female full-time, year-round workers (dollars)",±310,"±2,362","±4,175","±1,361",±976,"±2,519","±4,815","±3,508",±776,"±4,870","±4,247","±2,485","±2,614","±6,245","±2,591","±3,113","±1,348","±2,143","±2,661","±1,741","±3,572","±3,013","±3,161","±1,618","±3,373","±5,570","±2,476","±3,103","±3,079","±2,905","±1,984","±2,642","±2,694","±3,981","±3,776","±1,390","±2,562","±3,889","±1,986","±2,843","±7,787","±3,541","±2,666","±1,837","±1,922","±4,286","±2,512","±2,547","±3,363","±5,565","±3,985","±2,917","±3,341","±4,877","±6,238","±3,904","±2,927","±2,053","±3,351","±3,146",±899,"±3,910","±1,856","±1,473","±1,138","±2,211","±1,563","±4,599","±2,098","±2,898","±3,591","±2,440","±1,723","±3,277","±6,380","±1,950"
HEALTH INSURANCE COVERAGE,,,,,,,,,,,,,,,,,,,,,,,,,,,,,,,,,,,,,,,,,,,,,,,,,,,,,,,,,,,,,,,,,,,,,,,,,,,,
    Civilian noninstitutionalized population,±617,±102,±58,±38,±300,±181,±67,±13,±103,±154,±114,±40,±123,±80,±121,±92,±239,±207,±150,±138,±184,±25,±125,±299,±103,±95,±252,±55,±139,±93,±177,±141,±165,±360,±280,±670,±73,±42,±118,±173,±663,±86,±125,±310,±67,±83,±204,±147,±84,±108,±96,±84,±128,±36,±119,±93,±117,±108,±169,±53,±664,±161,±262,±303,±91,±89,±297,±73,±125,±84,±127,±106,±279,±180,±105,±105
        With health insurance coverage,"±6,365",±191,±331,±480,"±1,694",±573,±275,±188,±688,±206,±368,±177,±355,±174,±383,±311,"±1,047",±699,±490,±325,±225,±254,±255,"±1,196",±308,±465,"±1,068",±334,±554,±386,±449,±476,±524,±412,±393,±847,±424,±141,±201,±220,±571,±190,±325,±815,±332,±273,±593,±442,±181,±248,±263,±174,±438,±184,±423,±173,±422,±304,±781,±155,"±2,349",±353,±499,±889,±225,±138,"±1,434",±372,±235,±317,±450,±324,"±1,904",±989,±169,±383
            With private health insurance,"±12,148",±463,±764,"±1,235","±2,530","±1,133",±473,±311,±879,±365,±638,±494,±643,±420,±822,±735,"±1,850","±1,648",±894,±550,±327,±511,±540,"±1,834",±734,±510,"±1,819",±674,"±1,284",±689,±982,±482,"±1,004",±432,±540,"±1,304",±694,±272,±477,±400,±529,±505,±594,"±1,424",±656,±643,"±1,056",±812,±341,±423,±472,±347,±699,±567,±744,±397,±681,±516,"±1,468",±370,"±4,252",±708,±736,"±1,607",±455,±291,"±2,306",±645,±490,±578,"±1,076",±596,"±3,017","±1,903",±289,±749
            With public coverage,"±8,443",±444,±660,"±1,085","±2,064",±866,±343,±314,±911,±300,±616,±368,±596,±405,±769,±625,"±1,554","±1,405",±855,±549,±283,±559,±583,"±1,633",±689,±506,"±1,607",±537,"±1,196",±550,±846,±597,"±1,030",±448,±539,"±1,228",±713,±222,±444,±292,±436,±455,±623,"±1,310",±585,±446,±938,±808,±305,±317,±436,±363,±649,±499,±646,±371,±575,±500,"±1,334",±323,"±3,358",±633,±660,"±1,587",±437,±336,"±1,765",±592,±399,±472,±831,±480,"±2,359","±1,434",±244,±618
        No health insurance coverage,"±6,368",±174,±331,±486,"±1,636",±535,±257,±185,±692,±195,±360,±171,±323,±155,±365,±295,±996,±670,±474,±285,±205,±255,±217,"±1,143",±290,±451,"±1,083",±333,±563,±393,±439,±456,±494,±209,±292,±522,±425,±137,±172,±184,±212,±169,±276,±768,±331,±253,±562,±393,±163,±223,±244,±132,±417,±169,±400,±162,±428,±289,±753,±146,"±2,203",±321,±493,±836,±205,±106,"±1,340",±360,±200,±280,±440,±309,"±1,917",±927,±123,±383
    Civilian noninstitutionalized population under 19 years,"±1,436",±133,±148,±93,±273,±142,±82,±63,±135,±84,±177,±58,±107,±124,±154,±79,±322,±142,±118,±117,±160,±115,±184,±294,±184,±39,±231,±81,±113,±134,±198,±100,±117,±148,±139,±198,±231,±58,±86,±79,±19,±30,±46,±174,±116,±64,±137,±125,±70,±69,±46,±145,±117,±115,±145,±55,±88,±81,±209,±88,±416,±125,±116,±247,±110,±70,±282,±128,±73,±111,±170,±131,±393,±234,±54,±101
        No health insurance coverage,"±2,106",±62,±53,±114,±717,±165,±98,±57,±360,±19,±101,±58,±133,±17,±111,±76,±366,±283,±192,±92,±53,±68,±100,±343,±35,±307,±382,±92,±176,±215,±130,±266,±195,±59,±92,±210,±71,±52,±54,±51,±106,±77,±82,±327,±119,±54,±101,±214,±80,±76,±44,±85,±122,±36,±98,±31,±184,±79,±295,±54,±809,±55,±124,±366,±156,±26,±668,±180,±55,±98,±185,±98,±939,±321,±29,±54
    Civilian noninstitutionalized population 19 to 64 years,"±1,674",±157,±157,±111,±320,±175,±80,±96,±196,±191,±179,±72,±148,±136,±183,±96,±373,±240,±149,±123,±109,±123,±176,±339,±231,±72,±295,±77,±166,±168,±242,±108,±178,±322,±312,±662,±266,±75,±94,±176,±674,±78,±121,±316,±116,±95,±238,±177,±73,±80,±48,±145,±129,±107,±195,±84,±123,±124,±259,±93,±696,±116,±268,±360,±220,±87,±334,±164,±116,±113,±184,±156,±447,±331,±60,±118
        In labor force:,"±5,801",±262,±384,±708,"±1,274",±551,±222,±209,±363,±260,±432,±248,±448,±230,±578,±326,"±1,042",±686,±553,±279,±160,±231,±399,"±1,213",±373,±279,"±1,017",±342,±522,±445,±445,±231,±550,±325,±326,±884,±489,±169,±279,±259,±542,±235,±426,±852,±372,±357,±677,±549,±201,±226,±286,±250,±480,±241,±486,±220,±342,±279,±808,±183,"±2,374",±328,±486,±856,±318,±220,±988,±341,±248,±332,±621,±403,"±1,586",±892,±164,±454
            Employed:,"±5,701",±266,±371,±740,"±1,301",±575,±224,±181,±371,±253,±419,±263,±467,±231,±548,±344,"±1,084",±783,±666,±316,±203,±222,±400,"±1,217",±403,±320,"±1,041",±331,±619,±424,±454,±229,±579,±328,±296,±875,±518,±174,±296,±255,±502,±254,±473,±916,±399,±366,±676,±532,±224,±238,±310,±242,±482,±277,±492,±224,±361,±314,±795,±196,"±2,458",±331,±452,±957,±303,±226,"±1,139",±356,±263,±354,±567,±402,"±1,732",±932,±174,±450
                With health insurance coverage,"±6,537",±272,±414,±693,"±1,553",±599,±256,±217,±496,±290,±416,±291,±488,±224,±544,±393,"±1,181",±793,±678,±360,±218,±231,±426,"±1,231",±399,±356,"±1,183",±344,±611,±465,±523,±241,±585,±335,±357,±920,±503,±192,±315,±243,±464,±274,±455,"±1,037",±431,±386,±687,±536,±229,±275,±362,±221,±521,±302,±481,±242,±423,±353,±814,±189,"±2,696",±386,±466,"±1,115",±333,±223,"±1,402",±405,±260,±372,±610,±456,"±1,895","±1,050",±195,±490
                    With private health insurance,"±6,180",±298,±402,±718,"±1,719",±622,±261,±218,±522,±260,±440,±326,±465,±250,±611,±423,"±1,219",±942,±585,±345,±228,±268,±433,"±1,288",±437,±367,"±1,167",±352,±722,±419,±586,±272,±652,±305,±324,±899,±489,±225,±316,±234,±423,±281,±456,"±1,129",±453,±387,±679,±505,±237,±293,±317,±229,±531,±334,±465,±247,±393,±363,±944,±222,"±2,578",±433,±504,"±1,107",±346,±230,"±1,474",±421,±262,±343,±671,±384,"±1,911","±1,185",±201,±513
                    With public coverage,"±3,493",±209,±250,±369,±872,±302,±132,±74,±309,±165,±292,±203,±237,±127,±340,±371,±751,±518,±362,±224,±112,±170,±193,±709,±265,±195,±699,±203,±411,±263,±284,±227,±357,±166,±245,±477,±270,±91,±215,±124,±177,±171,±332,±507,±184,±196,±350,±387,±133,±129,±167,±100,±271,±137,±317,±146,±246,±244,±539,±121,"±1,308",±243,±243,±574,±155,±141,±721,±287,±203,±227,±386,±394,"±1,009",±664,±69,±233
                No health insurance coverage,"±4,211",±124,±273,±323,"±1,101",±339,±178,±105,±360,±143,±195,±111,±202,±109,±194,±209,±670,±443,±283,±209,±113,±145,±136,±767,±190,±147,±830,±270,±360,±251,±295,±183,±286,±139,±179,±289,±310,±70,±109,±114,±110,±101,±174,±551,±223,±161,±302,±292,±123,±157,±235,±72,±249,±86,±197,±126,±276,±178,±445,±87,"±1,526",±201,±316,±550,±90,±69,±872,±248,±162,±170,±300,±262,"±1,081",±645,±71,±284
            Unemployed:,"±2,186",±133,±125,±232,±384,±286,±100,±145,±133,±125,±133,±104,±163,±68,±204,±137,±465,±369,±410,±169,±119,±82,±92,±358,±179,±131,±540,±85,±317,±141,±216,±113,±201,±180,±187,±334,±130,±57,±125,±169,±63,±128,±228,±294,±226,±120,±352,±257,±65,±95,±103,±87,±221,±84,±254,±71,±141,±186,±249,±54,±982,±91,±161,±483,±117,±52,±495,±162,±137,±130,±169,±118,±774,±299,±68,±128
                With health insurance coverage,"±1,679",±99,±101,±176,±382,±170,±78,±153,±131,±89,±123,±68,±146,±68,±138,±122,±380,±189,±238,±156,±106,±77,±86,±302,±166,±117,±360,±72,±242,±121,±152,±114,±185,±159,±174,±295,±124,±53,±117,±147,±59,±123,±224,±287,±198,±68,±298,±238,±56,±50,±91,±87,±160,±77,±243,±67,±89,±135,±246,±50,±883,±57,±110,±455,±109,±45,±404,±155,±136,±103,±159,±104,±482,±299,±60,±112
                    With private health insurance,"±1,265",±61,±43,±126,±316,±78,±67,±44,±62,±46,±114,±45,±73,±48,±111,±94,±287,±136,±100,±89,±26,±64,±83,±215,±45,±101,±207,±49,±210,±106,±88,±56,±83,±66,±145,±177,±64,±46,±71,±29,±21,±96,±188,±208,±80,±27,±160,±216,±20,±9,±88,±87,±122,±39,±11,±42,±64,±110,±170,±37,±632,±35,±29,±259,±49,±29,±191,±122,±44,±18,±130,±34,±420,±192,±15,±75
                    With public coverage,"±1,276",±85,±92,±111,±219,±153,±42,±151,±121,±79,±51,±48,±142,±50,±90,±87,±273,±119,±235,±137,±104,±43,±38,±196,±159,±58,±334,±52,±168,±69,±156,±102,±175,±154,±103,±232,±103,±45,±90,±142,±51,±88,±104,±218,±191,±59,±236,±150,±57,±50,±39,±32,±124,±56,±243,±52,±84,±100,±196,±32,±577,±40,±108,±354,±95,±49,±338,±91,±118,±103,±85,±104,±263,±264,±60,±79
                No health insurance coverage,"±1,406",±77,±66,±170,±142,±233,±52,±38,±65,±81,±60,±82,±76,±3,±141,±104,±268,±301,±238,±58,±52,±25,±45,±196,±54,±51,±346,±57,±192,±66,±165,±21,±101,±84,±138,±267,±24,±18,±60,±87,±5,±56,±52,±143,±78,±100,±144,±177,±28,±83,±33,±17,±118,±40,±144,±25,±122,±172,±99,±36,±522,±68,±115,±201,±32,±21,±264,±54,±51,±87,±83,±61,±524,±83,±29,±66
        Not in labor force:,"±5,326",±239,±334,±676,"±1,245",±541,±215,±184,±383,±256,±432,±236,±427,±217,±552,±318,"±1,142",±743,±532,±257,±162,±228,±373,"±1,157",±389,±281,±960,±339,±483,±453,±403,±222,±551,±304,±234,±780,±477,±176,±257,±224,±225,±241,±408,±717,±345,±365,±628,±525,±211,±201,±289,±221,±476,±206,±437,±212,±317,±278,±847,±157,"±2,349",±327,±402,±851,±232,±198,±970,±311,±253,±336,±638,±373,"±1,599",±877,±146,±424
            With health insurance coverage,"±5,005",±239,±345,±648,"±1,128",±489,±170,±175,±377,±218,±373,±233,±423,±209,±496,±320,"±1,016",±724,±488,±245,±133,±217,±392,"±1,084",±342,±305,±931,±348,±496,±445,±375,±224,±542,±282,±196,±769,±436,±162,±230,±227,±186,±243,±387,±712,±324,±347,±583,±484,±198,±190,±279,±225,±471,±197,±371,±223,±326,±256,±826,±141,"±2,171",±332,±378,±823,±218,±182,±864,±306,±247,±331,±533,±345,"±1,494",±798,±132,±389
                With private health insurance,"±3,493",±191,±217,±441,±831,±361,±163,±91,±243,±121,±373,±128,±278,±119,±445,±215,±694,±482,±281,±150,±101,±138,±289,±843,±216,±164,±732,±296,±362,±312,±315,±147,±333,±159,±137,±486,±303,±115,±155,±108,±126,±182,±284,±416,±177,±261,±429,±215,±104,±134,±148,±147,±183,±205,±159,±145,±169,±171,±607,±116,"±1,473",±215,±223,±642,±124,±151,±774,±181,±153,±193,±425,±185,"±1,205",±563,±66,±285
                With public coverage,"±4,277",±233,±362,±616,±919,±452,±182,±160,±369,±192,±297,±226,±369,±202,±361,±295,±904,±721,±464,±251,±122,±229,±339,±791,±314,±278,±676,±290,±514,±375,±374,±230,±500,±286,±220,±698,±403,±135,±239,±227,±152,±204,±293,±588,±339,±311,±562,±453,±188,±168,±298,±220,±487,±258,±360,±186,±338,±287,±682,±106,"±1,948",±394,±359,±811,±216,±172,±899,±291,±260,±331,±399,±331,±974,±767,±119,±325
            No health insurance coverage,"±2,079",±63,±158,±200,±638,±236,±114,±66,±228,±135,±237,±80,±130,±82,±272,±93,±408,±330,±182,±117,±79,±123,±100,±490,±175,±124,±336,±66,±256,±128,±197,±125,±204,±65,±93,±260,±245,±80,±98,±74,±102,±82,±149,±258,±149,±154,±361,±217,±70,±70,±57,±37,±178,±102,±256,±95,±128,±132,±342,±66,±849,±204,±178,±325,±72,±73,±390,±164,±95,±102,±339,±120,±708,±446,±54,±178
PERCENTAGE OF FAMILIES AND PEOPLE WHOSE INCOME IN THE PAST 12 MONTHS IS BELOW THE POVERTY LEVEL,,,,,,,,,,,,,,,,,,,,,,,,,,,,,,,,,,,,,,,,,,,,,,,,,,,,,,,,,,,,,,,,,,,,,,,,,,,,
    All families,(X),(X),(X),(X),(X),(X),(X),(X),(X),(X),(X),(X),(X),(X),(X),(X),(X),(X),(X),(X),(X),(X),(X),(X),(X),(X),(X),(X),(X),(X),(X),(X),(X),(X),(X),(X),(X),(X),(X),(X),(X),(X),(X),(X),(X),(X),(X),(X),(X),(X),(X),(X),(X),(X),(X),(X),(X),(X),(X),(X),(X),(X),(X),(X),(X),(X),(X),(X),(X),(X),(X),(X),(X),(X),(X),(X)
        With related children of the householder under 18 years,(X),(X),(X),(X),(X),(X),(X),(X),(X),(X),(X),(X),(X),(X),(X),(X),(X),(X),(X),(X),(X),(X),(X),(X),(X),(X),(X),(X),(X),(X),(X),(X),(X),(X),(X),(X),(X),(X),(X),(X),(X),(X),(X),(X),(X),(X),(X),(X),(X),(X),(X),(X),(X),(X),(X),(X),(X),(X),(X),(X),(X),(X),(X),(X),(X),(X),(X),(X),(X),(X),(X),(X),(X),(X),(X),(X)
            With related children of the householder under 5 years only,(X),(X),(X),(X),(X),(X),(X),(X),(X),(X),(X),(X),(X),(X),(X),(X),(X),(X),(X),(X),(X),(X),(X),(X),(X),(X),(X),(X),(X),(X),(X),(X),(X),(X),(X),(X),(X),(X),(X),(X),(X),(X),(X),(X),(X),(X),(X),(X),(X),(X),(X),(X),(X),(X),(X),(X),(X),(X),(X),(X),(X),(X),(X),(X),(X),(X),(X),(X),(X),(X),(X),(X),(X),(X),(X),(X)
        Married couple families,(X),(X),(X),(X),(X),(X),(X),(X),(X),(X),(X),(X),(X),(X),(X),(X),(X),(X),(X),(X),(X),(X),(X),(X),(X),(X),(X),(X),(X),(X),(X),(X),(X),(X),(X),(X),(X),(X),(X),(X),(X),(X),(X),(X),(X),(X),(X),(X),(X),(X),(X),(X),(X),(X),(X),(X),(X),(X),(X),(X),(X),(X),(X),(X),(X),(X),(X),(X),(X),(X),(X),(X),(X),(X),(X),(X)
            With related children of the householder under 18 years,(X),(X),(X),(X),(X),(X),(X),(X),(X),(X),(X),(X),(X),(X),(X),(X),(X),(X),(X),(X),(X),(X),(X),(X),(X),(X),(X),(X),(X),(X),(X),(X),(X),(X),(X),(X),(X),(X),(X),(X),(X),(X),(X),(X),(X),(X),(X),(X),(X),(X),(X),(X),(X),(X),(X),(X),(X),(X),(X),(X),(X),(X),(X),(X),(X),(X),(X),(X),(X),(X),(X),(X),(X),(X),(X),(X)
                With related children of the householder under 5 years only,(X),(X),(X),(X),(X),(X),(X),(X),(X),(X),(X),(X),(X),(X),(X),(X),(X),(X),(X),(X),(X),(X),(X),(X),(X),(X),(X),(X),(X),(X),(X),(X),(X),(X),(X),(X),(X),(X),(X),(X),(X),(X),(X),(X),(X),(X),(X),(X),(X),(X),(X),(X),(X),(X),(X),(X),(X),(X),(X),(X),(X),(X),(X),(X),(X),(X),(X),(X),(X),(X),(X),(X),(X),(X),(X),(X)
"        Families with female householder, no spouse present",(X),(X),(X),(X),(X),(X),(X),(X),(X),(X),(X),(X),(X),(X),(X),(X),(X),(X),(X),(X),(X),(X),(X),(X),(X),(X),(X),(X),(X),(X),(X),(X),(X),(X),(X),(X),(X),(X),(X),(X),(X),(X),(X),(X),(X),(X),(X),(X),(X),(X),(X),(X),(X),(X),(X),(X),(X),(X),(X),(X),(X),(X),(X),(X),(X),(X),(X),(X),(X),(X),(X),(X),(X),(X),(X),(X)
            With related children of the householder under 18 years,(X),(X),(X),(X),(X),(X),(X),(X),(X),(X),(X),(X),(X),(X),(X),(X),(X),(X),(X),(X),(X),(X),(X),(X),(X),(X),(X),(X),(X),(X),(X),(X),(X),(X),(X),(X),(X),(X),(X),(X),(X),(X),(X),(X),(X),(X),(X),(X),(X),(X),(X),(X),(X),(X),(X),(X),(X),(X),(X),(X),(X),(X),(X),(X),(X),(X),(X),(X),(X),(X),(X),(X),(X),(X),(X),(X)
                With related children of the householder under 5 years only,(X),(X),(X),(X),(X),(X),(X),(X),(X),(X),(X),(X),(X),(X),(X),(X),(X),(X),(X),(X),(X),(X),(X),(X),(X),(X),(X),(X),(X),(X),(X),(X),(X),(X),(X),(X),(X),(X),(X),(X),(X),(X),(X),(X),(X),(X),(X),(X),(X),(X),(X),(X),(X),(X),(X),(X),(X),(X),(X),(X),(X),(X),(X),(X),(X),(X),(X),(X),(X),(X),(X),(X),(X),(X),(X),(X)
    All people,(X),(X),(X),(X),(X),(X),(X),(X),(X),(X),(X),(X),(X),(X),(X),(X),(X),(X),(X),(X),(X),(X),(X),(X),(X),(X),(X),(X),(X),(X),(X),(X),(X),(X),(X),(X),(X),(X),(X),(X),(X),(X),(X),(X),(X),(X),(X),(X),(X),(X),(X),(X),(X),(X),(X),(X),(X),(X),(X),(X),(X),(X),(X),(X),(X),(X),(X),(X),(X),(X),(X),(X),(X),(X),(X),(X)
        Under 18 years,(X),(X),(X),(X),(X),(X),(X),(X),(X),(X),(X),(X),(X),(X),(X),(X),(X),(X),(X),(X),(X),(X),(X),(X),(X),(X),(X),(X),(X),(X),(X),(X),(X),(X),(X),(X),(X),(X),(X),(X),(X),(X),(X),(X),(X),(X),(X),(X),(X),(X),(X),(X),(X),(X),(X),(X),(X),(X),(X),(X),(X),(X),(X),(X),(X),(X),(X),(X),(X),(X),(X),(X),(X),(X),(X),(X)
            Related children of the householder under 18 years,(X),(X),(X),(X),(X),(X),(X),(X),(X),(X),(X),(X),(X),(X),(X),(X),(X),(X),(X),(X),(X),(X),(X),(X),(X),(X),(X),(X),(X),(X),(X),(X),(X),(X),(X),(X),(X),(X),(X),(X),(X),(X),(X),(X),(X),(X),(X),(X),(X),(X),(X),(X),(X),(X),(X),(X),(X),(X),(X),(X),(X),(X),(X),(X),(X),(X),(X),(X),(X),(X),(X),(X),(X),(X),(X),(X)
                Related children of the householder under 5 years,(X),(X),(X),(X),(X),(X),(X),(X),(X),(X),(X),(X),(X),(X),(X),(X),(X),(X),(X),(X),(X),(X),(X),(X),(X),(X),(X),(X),(X),(X),(X),(X),(X),(X),(X),(X),(X),(X),(X),(X),(X),(X),(X),(X),(X),(X),(X),(X),(X),(X),(X),(X),(X),(X),(X),(X),(X),(X),(X),(X),(X),(X),(X),(X),(X),(X),(X),(X),(X),(X),(X),(X),(X),(X),(X),(X)
                Related children of the householder 5 to 17 years,(X),(X),(X),(X),(X),(X),(X),(X),(X),(X),(X),(X),(X),(X),(X),(X),(X),(X),(X),(X),(X),(X),(X),(X),(X),(X),(X),(X),(X),(X),(X),(X),(X),(X),(X),(X),(X),(X),(X),(X),(X),(X),(X),(X),(X),(X),(X),(X),(X),(X),(X),(X),(X),(X),(X),(X),(X),(X),(X),(X),(X),(X),(X),(X),(X),(X),(X),(X),(X),(X),(X),(X),(X),(X),(X),(X)
        18 years and over,(X),(X),(X),(X),(X),(X),(X),(X),(X),(X),(X),(X),(X),(X),(X),(X),(X),(X),(X),(X),(X),(X),(X),(X),(X),(X),(X),(X),(X),(X),(X),(X),(X),(X),(X),(X),(X),(X),(X),(X),(X),(X),(X),(X),(X),(X),(X),(X),(X),(X),(X),(X),(X),(X),(X),(X),(X),(X),(X),(X),(X),(X),(X),(X),(X),(X),(X),(X),(X),(X),(X),(X),(X),(X),(X),(X)
            18 to 64 years,(X),(X),(X),(X),(X),(X),(X),(X),(X),(X),(X),(X),(X),(X),(X),(X),(X),(X),(X),(X),(X),(X),(X),(X),(X),(X),(X),(X),(X),(X),(X),(X),(X),(X),(X),(X),(X),(X),(X),(X),(X),(X),(X),(X),(X),(X),(X),(X),(X),(X),(X),(X),(X),(X),(X),(X),(X),(X),(X),(X),(X),(X),(X),(X),(X),(X),(X),(X),(X),(X),(X),(X),(X),(X),(X),(X)
            65 years and over,(X),(X),(X),(X),(X),(X),(X),(X),(X),(X),(X),(X),(X),(X),(X),(X),(X),(X),(X),(X),(X),(X),(X),(X),(X),(X),(X),(X),(X),(X),(X),(X),(X),(X),(X),(X),(X),(X),(X),(X),(X),(X),(X),(X),(X),(X),(X),(X),(X),(X),(X),(X),(X),(X),(X),(X),(X),(X),(X),(X),(X),(X),(X),(X),(X),(X),(X),(X),(X),(X),(X),(X),(X),(X),(X),(X)
        People in families,(X),(X),(X),(X),(X),(X),(X),(X),(X),(X),(X),(X),(X),(X),(X),(X),(X),(X),(X),(X),(X),(X),(X),(X),(X),(X),(X),(X),(X),(X),(X),(X),(X),(X),(X),(X),(X),(X),(X),(X),(X),(X),(X),(X),(X),(X),(X),(X),(X),(X),(X),(X),(X),(X),(X),(X),(X),(X),(X),(X),(X),(X),(X),(X),(X),(X),(X),(X),(X),(X),(X),(X),(X),(X),(X),(X)
        Unrelated individuals 15 years and over,(X),(X),(X),(X),(X),(X),(X),(X),(X),(X),(X),(X),(X),(X),(X),(X),(X),(X),(X),(X),(X),(X),(X),(X),(X),(X),(X),(X),(X),(X),(X),(X),(X),(X),(X),(X),(X),(X),(X),(X),(X),(X),(X),(X),(X),(X),(X),(X),(X),(X),(X),(X),(X),(X),(X),(X),(X),(X),(X),(X),(X),(X),(X),(X),(X),(X),(X),(X),(X),(X),(X),(X),(X),(X),(X),(X)
