Label (Grouping),Arkansas!!Estimate,"Arkansas County, Arkansas!!Estimate","Ashley County, Arkansas!!Estimate","Baxter County, Arkansas!!Estimate","Benton County, Arkansas!!Estimate","Boone County, Arkansas!!Estimate","Bradley County, Arkansas!!Estimate","Calhoun County, Arkansas!!Estimate","Carroll County, Arkansas!!Estimate","Chicot County, Arkansas!!Estimate","Clark County, Arkansas!!Estimate","Clay County, Arkansas!!Estimate","Cleburne County, Arkansas!!Estimate","Cleveland County, Arkansas!!Estimate","Columbia County, Arkansas!!Estimate","Conway County, Arkansas!!Estimate","Craighead County, Arkansas!!Estimate","Crawford County, Arkansas!!Estimate","Crittenden County, Arkansas!!Estimate","Cross County, Arkansas!!Estimate","Dallas County, Arkansas!!Estimate","Desha County, Arkansas!!Estimate","Drew County, Arkansas!!Estimate","Faulkner County, Arkansas!!Estimate","Franklin County, Arkansas!!Estimate","Fulton County, Arkansas!!Estimate","Garland County, Arkansas!!Estimate","Grant County, Arkansas!!Estimate","Greene County, Arkansas!!Estimate","Hempstead County, Arkansas!!Estimate","Hot Spring County, Arkansas!!Estimate","Howard County, Arkansas!!Estimate","Independence County, Arkansas!!Estimate","Izard County, Arkansas!!Estimate","Jackson County, Arkansas!!Estimate","Jefferson County, Arkansas!!Estimate","Johnson County, Arkansas!!Estimate","Lafayette County, Arkansas!!Estimate","Lawrence County, Arkansas!!Estimate","Lee County, Arkansas!!Estimate","Lincoln County, Arkansas!!Estimate","Little River County, Arkansas!!Estimate","Logan County, Arkansas!!Estimate","Lonoke County, Arkansas!!Estimate","Madison County, Arkansas!!Estimate","Marion County, Arkansas!!Estimate","Miller County, Arkansas!!Estimate","Mississippi County, Arkansas!!Estimate","Monroe County, Arkansas!!Estimate","Montgomery County, Arkansas!!Estimate","Nevada County, Arkansas!!Estimate","Newton County, Arkansas!!Estimate","Ouachita County, Arkansas!!Estimate","Perry County, Arkansas!!Estimate","Phillips County, Arkansas!!Estimate","Pike County, Arkansas!!Estimate","Poinsett County, Arkansas!!Estimate","Polk County, Arkansas!!Estimate","Pope County, Arkansas!!Estimate","Prairie County, Arkansas!!Estimate","Pulaski County, Arkansas!!Estimate","Randolph County, Arkansas!!Estimate","St. Francis County, Arkansas!!Estimate","Saline County, Arkansas!!Estimate","Scott County, Arkansas!!Estimate","Searcy County, Arkansas!!Estimate","Sebastian County, Arkansas!!Estimate","Sevier County, Arkansas!!Estimate","Sharp County, Arkansas!!Estimate","Stone County, Arkansas!!Estimate","Union County, Arkansas!!Estimate","Van Buren County, Arkansas!!Estimate","Washington County, Arkansas!!Estimate","White County, Arkansas!!Estimate","Woodruff County, Arkansas!!Estimate","Yell County, Arkansas!!Estimate"
EMPLOYMENT STATUS,,,,,,,,,,,,,,,,,,,,,,,,,,,,,,,,,,,,,,,,,,,,,,,,,,,,,,,,,,,,,,,,,,,,,,,,,,,,
    Population 16 years and over,"2,388,169","14,123","15,794","35,446","209,647","29,694","8,443","4,344","22,609","8,285","18,603","11,955","20,971","6,400","19,318","16,584","85,132","49,302","36,610","13,111","5,898","8,926","14,778","99,121","14,255","10,142","81,666","14,498","35,620","16,692","27,380","10,223","29,607","11,481","13,903","54,876","20,609","5,627","13,323","7,560","11,364","9,942","17,487","56,831","13,054","13,904","34,700","31,939","5,589","7,569","6,568","6,518","18,830","8,382","14,006","8,700","18,742","15,889","51,083","6,650","311,090","14,032","20,632","96,307","8,112","6,546","100,511","12,582","14,049","10,460","30,611","13,792","184,444","62,447","5,252","16,999"
        In labor force,"1,386,758","8,325","7,738","16,239","136,457","16,923","4,400","2,267","12,311","3,689","10,626","6,564","10,577","3,245","9,461","9,709","54,281","27,348","22,755","7,785","3,033","4,607","8,000","61,594","7,295","4,320","43,535","8,325","20,954","9,149","14,082","5,934","16,978","4,806","6,291","27,662","10,829","2,753","7,167","3,129","3,404","5,576","9,608","35,902","6,996","5,931","18,556","19,680","3,078","3,505","3,286","2,847","9,492","3,885","7,431","4,834","10,057","8,207","28,497","3,840","196,142","7,304","9,400","60,555","4,665","3,173","61,753","7,455","6,466","4,581","16,566","6,278","119,860","33,982","2,972","9,851"
            Civilian labor force,"1,381,452","8,325","7,738","16,239","136,382","16,912","4,400","2,267","12,310","3,681","10,621","6,564","10,577","3,238","9,461","9,703","54,185","27,222","22,755","7,785","3,004","4,607","7,989","61,317","7,295","4,311","43,535","8,319","20,951","9,149","14,065","5,934","16,934","4,804","6,291","27,650","10,824","2,753","7,167","3,129","3,404","5,576","9,579","34,820","6,979","5,931","18,530","19,680","3,078","3,505","3,286","2,843","9,487","3,885","7,365","4,822","10,045","8,196","28,450","3,840","193,610","7,304","9,351","60,351","4,665","3,173","61,534","7,455","6,448","4,573","16,566","6,278","119,753","33,899","2,972","9,826"
                Employed,"1,309,748","7,929","7,389","15,355","132,873","16,152","4,150","2,085","11,759","3,282","10,240","6,182","10,037","3,138","8,843","8,992","51,025","25,924","20,641","7,237","2,794","4,377","7,766","59,134","6,898","4,091","40,787","8,048","19,390","8,627","13,282","5,544","16,206","4,289","5,625","25,271","10,398","2,568","6,606","2,697","3,347","5,136","8,991","33,170","6,444","5,575","17,026","17,926","2,886","3,241","3,103","2,693","8,779","3,677","6,303","4,639","9,572","7,335","26,827","3,609","183,975","6,993","8,791","57,987","4,394","3,057","58,496","7,091","6,113","4,197","15,928","5,833","114,481","32,226","2,800","9,476"
                Unemployed,"71,704",396,349,884,"3,509",760,250,182,551,399,381,382,540,100,618,711,"3,160","1,298","2,114",548,210,230,223,"2,183",397,220,"2,748",271,"1,561",522,783,390,728,515,666,"2,379",426,185,561,432,57,440,588,"1,650",535,356,"1,504","1,754",192,264,183,150,708,208,"1,062",183,473,861,"1,623",231,"9,635",311,560,"2,364",271,116,"3,038",364,335,376,638,445,"5,272","1,673",172,350
            Armed Forces,"5,306",0,0,0,75,11,0,0,1,8,5,0,0,7,0,6,96,126,0,0,29,0,11,277,0,9,0,6,3,0,17,0,44,2,0,12,5,0,0,0,0,0,29,"1,082",17,0,26,0,0,0,0,4,5,0,66,12,12,11,47,0,"2,532",0,49,204,0,0,219,0,18,8,0,0,107,83,0,25
        Not in labor force,"1,001,411","5,798","8,056","19,207","73,190","12,771","4,043","2,077","10,298","4,596","7,977","5,391","10,394","3,155","9,857","6,875","30,851","21,954","13,855","5,326","2,865","4,319","6,778","37,527","6,960","5,822","38,131","6,173","14,666","7,543","13,298","4,289","12,629","6,675","7,612","27,214","9,780","2,874","6,156","4,431","7,960","4,366","7,879","20,929","6,058","7,973","16,144","12,259","2,511","4,064","3,282","3,671","9,338","4,497","6,575","3,866","8,685","7,682","22,586","2,810","114,948","6,728","11,232","35,752","3,447","3,373","38,758","5,127","7,583","5,879","14,045","7,514","64,584","28,465","2,280","7,148"
    Civilian labor force,"1,381,452","8,325","7,738","16,239","136,382","16,912","4,400","2,267","12,310","3,681","10,621","6,564","10,577","3,238","9,461","9,703","54,185","27,222","22,755","7,785","3,004","4,607","7,989","61,317","7,295","4,311","43,535","8,319","20,951","9,149","14,065","5,934","16,934","4,804","6,291","27,650","10,824","2,753","7,167","3,129","3,404","5,576","9,579","34,820","6,979","5,931","18,530","19,680","3,078","3,505","3,286","2,843","9,487","3,885","7,365","4,822","10,045","8,196","28,450","3,840","193,610","7,304","9,351","60,351","4,665","3,173","61,534","7,455","6,448","4,573","16,566","6,278","119,753","33,899","2,972","9,826"
        Unemployment Rate,(X),(X),(X),(X),(X),(X),(X),(X),(X),(X),(X),(X),(X),(X),(X),(X),(X),(X),(X),(X),(X),(X),(X),(X),(X),(X),(X),(X),(X),(X),(X),(X),(X),(X),(X),(X),(X),(X),(X),(X),(X),(X),(X),(X),(X),(X),(X),(X),(X),(X),(X),(X),(X),(X),(X),(X),(X),(X),(X),(X),(X),(X),(X),(X),(X),(X),(X),(X),(X),(X),(X),(X),(X),(X),(X),(X)
    Females 16 years and over,"1,228,801","7,451","8,276","18,467","106,289","15,175","4,508","2,205","11,503","4,146","9,955","6,114","10,565","3,297","10,179","8,589","44,366","25,213","19,646","6,889","3,083","4,828","7,783","51,546","7,275","5,201","42,867","7,364","18,347","8,848","13,067","5,459","15,170","5,389","7,052","27,973","10,505","2,943","6,775","3,212","3,844","5,266","8,907","29,428","6,358","7,200","17,793","16,574","3,022","3,791","3,351","3,348","10,013","4,076","7,564","4,389","9,728","8,134","26,175","3,472","165,327","7,083","8,948","49,698","4,016","3,229","51,995","6,192","7,192","5,307","15,976","7,011","92,974","32,538","2,824","8,538"
        In labor force,"663,294","4,079","3,681","8,133","62,576","8,250","2,098",954,"5,497","1,951","5,098","3,181","4,709","1,589","4,743","4,857","26,850","12,478","11,581","3,748","1,548","2,196","3,958","29,683","3,565","2,197","21,467","3,833","9,517","4,290","6,682","2,992","8,083","2,229","2,526","14,680","5,028","1,359","3,257","1,344","1,885","2,765","4,469","17,342","2,949","2,902","8,907","9,556","1,619","1,612","1,729","1,352","4,755","1,648","3,727","2,276","4,735","3,764","13,675","1,891","98,656","2,953","4,123","29,369","2,225","1,508","28,762","3,127","2,975","1,995","8,115","3,045","54,472","16,074","1,479","4,371"
            Civilian labor force,"662,323","4,079","3,681","8,133","62,560","8,250","2,098",954,"5,497","1,951","5,098","3,181","4,709","1,582","4,743","4,851","26,820","12,478","11,581","3,748","1,548","2,196","3,958","29,683","3,565","2,197","21,467","3,833","9,517","4,290","6,682","2,992","8,083","2,229","2,526","14,680","5,028","1,359","3,257","1,344","1,885","2,765","4,440","17,217","2,932","2,902","8,881","9,556","1,619","1,612","1,729","1,352","4,755","1,648","3,727","2,276","4,735","3,764","13,659","1,891","98,036","2,953","4,123","29,355","2,225","1,508","28,742","3,127","2,975","1,995","8,115","3,045","54,438","16,063","1,479","4,371"
                Employed,"629,052","3,844","3,518","7,647","60,914","7,809","1,933",824,"5,320","1,754","4,963","3,071","4,527","1,525","4,361","4,582","25,011","12,027","10,496","3,493","1,405","2,098","3,869","28,776","3,289","2,125","20,536","3,731","8,808","4,029","6,496","2,718","7,803","2,145","2,315","13,515","4,907","1,314","2,954","1,173","1,882","2,622","4,151","16,520","2,783","2,758","8,147","8,758","1,503","1,498","1,598","1,277","4,393","1,531","3,005","2,175","4,504","3,365","12,808","1,792","93,189","2,790","3,867","28,263","2,067","1,432","27,276","3,022","2,854","1,896","7,889","2,808","52,185","15,281","1,352","4,186"
    Own children of the householder under 6 years,"213,162","1,342","1,224","1,794","21,963","2,660",665,245,"1,922",677,"1,301",943,"1,339",424,"1,647","1,369","8,200","4,333","4,294","1,252",354,859,"1,251","8,813","1,001",736,"5,886","1,166","3,660","1,647","1,913","1,058","2,613",630,"1,026","4,746","1,897",343,"1,083",503,729,650,"1,370","5,548","1,240",803,"2,861","3,391",533,429,538,448,"1,422",587,"1,354",642,"1,598","1,260","4,502",529,"29,750","1,113","1,717","8,236",698,429,"9,151","1,522",916,661,"2,808",818,"19,068","5,119",367,"1,576"
        All parents in family in labor force,"140,694","1,006",629,"1,147","13,729","1,754",297,147,"1,013",343,675,626,891,347,"1,273","1,105","6,406","2,342","2,974","1,031",325,738,907,"6,165",673,378,"3,586",921,"2,103","1,084","1,221",766,"1,924",382,715,"3,219","1,211",202,606,399,477,426,847,"3,739",785,624,"1,933","2,272",489,164,512,343,794,339,898,376,906,835,"2,716",412,"20,182",696,"1,125","5,749",483,192,"6,345",892,664,383,"1,902",575,"12,310","2,843",293,913
    Own children of the householder 6 to 17 years,"441,934","2,387","2,996","4,782","47,289","4,758","1,703",683,"3,960","1,430","2,716","1,937","2,989","1,259","2,700","3,189","16,739","9,592","8,005","2,357",569,"1,912","2,386","19,004","2,679","1,551","12,279","2,746","6,396","3,531","4,814","2,273","5,215","1,523","2,062","8,987","4,194",723,"2,184",958,"1,278","1,636","2,775","12,370","2,285","1,704","6,409","6,422",806,"1,047","1,049","1,029","3,523","1,578","2,833","1,446","3,319","2,979","9,132",993,"56,047","2,577","3,220","18,175","1,577","1,033","19,543","3,052","2,363","1,653","6,067","2,114","36,506","11,848",826,"3,263"
        All parents in family in labor force,"308,447","1,958","1,862","2,905","32,232","3,510","1,050",506,"2,730",816,"1,643","1,471","1,955",834,"1,526","2,245","12,929","5,479","6,315","1,862",487,"1,224","1,892","14,586","1,758",879,"7,929","1,958","4,745","2,155","3,686","1,560","3,685","1,067","1,382","6,700","3,017",467,"1,424",551,899,"1,097","2,008","9,168","1,543","1,185","4,318","4,649",566,612,657,718,"2,677","1,042","2,048",936,"1,940","1,974","6,438",847,"40,741","1,495","2,161","14,569",890,681,"12,089","1,578","1,534",924,"4,433","1,298","25,256","7,628",707,"2,161"
COMMUTING TO WORK,,,,,,,,,,,,,,,,,,,,,,,,,,,,,,,,,,,,,,,,,,,,,,,,,,,,,,,,,,,,,,,,,,,,,,,,,,,,
    Workers 16 years and over,"1,294,646","7,864","7,284","15,091","131,630","15,877","4,104","2,085","11,639","3,280","10,127","6,082","9,882","3,063","8,790","8,910","50,002","25,712","20,394","7,008","2,773","4,335","7,633","58,854","6,804","4,053","39,681","7,942","18,786","8,473","13,121","5,483","16,029","4,213","5,600","24,773","10,277","2,508","6,447","2,640","3,227","5,001","8,846","33,736","6,251","5,450","16,736","17,257","2,770","3,194","3,006","2,641","8,743","3,594","6,143","4,608","9,405","7,225","26,475","3,552","184,037","6,828","8,742","57,323","4,259","2,952","57,633","6,910","6,066","4,134","15,665","5,776","113,124","31,923","2,792","9,373"
"        Car, truck, or van -- drove alone","1,065,652","6,841","6,143","12,154","109,704","13,138","3,469","1,872","9,187","2,771","7,783","4,923","8,373","2,667","7,434","7,049","41,869","22,589","16,573","5,894","2,371","3,632","6,281","49,581","5,635","3,284","31,978","6,400","15,655","7,035","10,951","4,515","13,445","3,313","4,626","21,793","8,119","2,001","5,503","1,979","2,791","4,304","6,901","28,709","5,513","4,238","14,194","14,599","2,265","2,508","2,362","2,172","7,737","2,893","5,314","3,606","7,637","5,610","21,923","2,840","150,551","5,587","7,390","47,690","3,384","2,253","46,982","5,052","4,924","3,232","13,809","4,358","86,943","26,992","2,398","7,461"
"        Car, truck, or van -- carpooled","132,530",580,673,"1,777","10,855","1,527",348,104,"1,031",152,"1,304",556,932,165,686,"1,187","5,385","2,034","2,419",747,308,525,775,"5,311",766,275,"4,581",941,"2,162","1,146","1,509",665,"1,660",552,515,"1,640","1,119",274,619,427,347,517,"1,071","2,894",425,693,"1,642","2,216",412,522,534,158,597,396,617,686,"1,072","1,139","2,760",292,"16,997",694,772,"6,504",622,508,"5,960","1,505",730,349,"1,067",808,"14,537","2,971",193,"1,091"
        Public transportation (excluding taxicab),"3,950",0,0,2,176,14,0,5,11,6,47,2,0,0,24,0,88,5,33,0,0,1,0,93,77,50,99,0,31,47,29,13,33,0,0,118,80,10,1,0,11,0,72,71,0,6,87,42,0,0,53,0,0,4,0,4,0,26,136,0,"1,285",2,1,54,8,16,98,7,5,0,56,0,735,69,0,7
        Walked,"21,187",160,151,444,"1,571",245,136,42,417,169,541,203,116,76,499,85,768,382,238,87,55,85,364,948,50,141,804,65,350,101,356,141,126,114,75,329,303,59,78,20,3,28,218,356,64,103,172,90,74,25,23,37,106,32,77,83,178,73,476,79,"2,602",119,177,351,49,42,909,79,169,202,303,175,"1,877",726,84,132
        Other means,"14,781",103,172,133,957,47,89,42,154,113,84,77,51,34,67,79,160,77,136,54,24,5,77,627,117,14,654,27,94,8,29,11,193,151,156,297,265,52,57,33,7,127,240,406,83,57,139,150,0,19,14,12,81,17,32,60,53,75,416,75,"2,982",61,161,415,78,31,"1,196",62,66,75,56,190,"1,340",369,10,106
        Worked from home,"56,546",180,145,581,"8,367",906,62,20,839,69,368,321,410,121,80,510,"1,732",625,995,226,15,87,136,"2,294",159,289,"1,565",509,494,136,247,138,572,83,228,596,391,112,189,181,68,25,344,"1,300",166,353,502,160,19,120,20,262,222,252,103,169,465,302,764,266,"9,620",365,241,"2,309",118,102,"2,488",205,172,276,374,245,"7,692",796,107,576
        Mean travel time to work (minutes),21.8,17.5,20.4,16.7,20.0,18.9,22.8,21.7,21.3,19.1,19.4,22.9,27.8,32.7,17.4,26.7,18.9,21.9,20.8,24.2,23.1,18.6,20.9,24.8,28.5,24.8,21.3,29.5,22.1,21.4,26.8,19.4,18.2,19.2,19.9,20.3,18.9,28.1,26.2,22.7,26.0,28.2,25.1,29.4,32.1,22.6,19.7,18.7,26.4,29.6,27.4,31.3,21.5,35.2,16.2,28.7,26.1,22.3,20.3,25.9,20.3,23.8,18.5,25.7,26.8,27.8,19.3,27.0,21.3,23.0,19.2,29.7,20.7,23.4,19.6,21.7
OCCUPATION,,,,,,,,,,,,,,,,,,,,,,,,,,,,,,,,,,,,,,,,,,,,,,,,,,,,,,,,,,,,,,,,,,,,,,,,,,,,
    Civilian employed population 16 years and over,"1,309,748","7,929","7,389","15,355","132,873","16,152","4,150","2,085","11,759","3,282","10,240","6,182","10,037","3,138","8,843","8,992","51,025","25,924","20,641","7,237","2,794","4,377","7,766","59,134","6,898","4,091","40,787","8,048","19,390","8,627","13,282","5,544","16,206","4,289","5,625","25,271","10,398","2,568","6,606","2,697","3,347","5,136","8,991","33,170","6,444","5,575","17,026","17,926","2,886","3,241","3,103","2,693","8,779","3,677","6,303","4,639","9,572","7,335","26,827","3,609","183,975","6,993","8,791","57,987","4,394","3,057","58,496","7,091","6,113","4,197","15,928","5,833","114,481","32,226","2,800","9,476"
"        Management, business, science, and arts occupations","456,538","2,483","1,855","4,924","51,488","5,378","1,224",447,"3,476",925,"2,987","1,948","2,760","1,069","2,944","2,576","18,123","7,596","6,476","1,745",576,"1,236","2,771","23,803","1,982","1,227","13,002","2,778","5,970","2,200","4,056","1,380","4,916","1,307","1,443","7,499","2,966",746,"1,743",781,938,"1,647","2,219","11,876","1,723","1,701","5,732","4,924",663,963,735,698,"2,914","1,074","1,733","1,351","2,439","2,343","8,670","1,111","78,697","2,008","2,294","22,124","1,226",765,"19,612","1,367","1,503","1,290","5,495","1,621","46,625","10,615",921,"2,115"
        Service occupations,"217,074","1,216","1,297","2,504","18,806","2,734",664,277,"1,989",593,"2,283","1,009","2,001",258,"1,419","1,582","8,588","4,249","3,678","1,080",733,889,"1,318","10,129",965,917,"8,918","1,176","2,887","1,571","2,530",875,"2,738",889,"1,240","5,345","1,601",408,"1,018",475,556,567,"1,568","4,781",873,973,"2,755","2,608",550,412,828,374,"1,754",531,"1,130",759,"1,874","1,349","5,410",569,"29,390","1,113","1,497","8,266",629,537,"9,883","1,080","1,286",817,"2,568","1,090","17,698","6,042",423,"1,685"
        Sales and office occupations,"278,061","1,526","1,241","3,302","30,160","3,860",561,385,"2,287",581,"2,187","1,243","1,976",693,"1,616","1,623","11,463","6,129","4,052","1,792",475,946,"1,589","12,703","1,380",781,"10,400","1,548","3,841","1,537","2,895",886,"3,348",695,"1,142","4,603","1,949",535,"1,516",494,713,804,"1,695","7,679","1,263","1,012","3,778","3,422",570,765,355,667,"1,286",728,"1,406",832,"1,874","1,245","4,880",895,"42,471","1,041","1,501","14,231",737,692,"12,591","1,052","1,377",642,"3,435","1,086","22,655","6,154",629,"1,958"
"        Natural resources, construction, and maintenance occupations","131,748",974,936,"1,341","11,559","1,471",612,421,"1,586",352,928,794,"1,516",490,786,"1,420","4,759","2,606","2,197","1,095",240,535,899,"5,084",876,492,"4,075","1,073","2,519","1,163","1,597",975,"1,666",491,669,"1,904","1,100",367,817,418,473,798,"1,105","4,089","1,165",588,"1,520","1,988",225,437,499,374,754,557,661,551,"1,235","1,061","2,562",465,"11,484","1,065","1,535","5,659",557,356,"5,598","1,363",811,975,"1,690",761,"10,665","3,873",229,"1,217"
"        Production, transportation, and material moving occupations","226,327","1,730","2,060","3,284","20,860","2,709","1,089",555,"2,421",831,"1,855","1,188","1,784",628,"2,078","1,791","8,092","5,344","4,238","1,525",770,771,"1,189","7,415","1,695",674,"4,392","1,473","4,173","2,156","2,204","1,428","3,538",907,"1,131","5,920","2,782",512,"1,512",529,667,"1,320","2,404","4,745","1,420","1,301","3,241","4,984",878,664,686,580,"2,071",787,"1,373","1,146","2,150","1,337","5,305",569,"21,933","1,766","1,964","7,707","1,245",707,"10,812","2,229","1,136",473,"2,740","1,275","16,838","5,542",598,"2,501"
INDUSTRY,,,,,,,,,,,,,,,,,,,,,,,,,,,,,,,,,,,,,,,,,,,,,,,,,,,,,,,,,,,,,,,,,,,,,,,,,,,,
    Civilian employed population 16 years and over,"1,309,748","7,929","7,389","15,355","132,873","16,152","4,150","2,085","11,759","3,282","10,240","6,182","10,037","3,138","8,843","8,992","51,025","25,924","20,641","7,237","2,794","4,377","7,766","59,134","6,898","4,091","40,787","8,048","19,390","8,627","13,282","5,544","16,206","4,289","5,625","25,271","10,398","2,568","6,606","2,697","3,347","5,136","8,991","33,170","6,444","5,575","17,026","17,926","2,886","3,241","3,103","2,693","8,779","3,677","6,303","4,639","9,572","7,335","26,827","3,609","183,975","6,993","8,791","57,987","4,394","3,057","58,496","7,091","6,113","4,197","15,928","5,833","114,481","32,226","2,800","9,476"
"        Agriculture, forestry, fishing and hunting, and mining","35,004",838,562,180,"1,822",398,468,157,864,305,276,694,217,221,304,685,"1,270",306,561,523,69,485,350,702,303,118,568,377,681,681,214,546,435,265,456,348,478,300,437,423,169,138,556,790,345,108,260,877,227,334,275,117,140,166,564,269,726,507,581,416,751,405,568,448,346,137,"1,168",530,259,493,380,293,"1,166",792,228,588
        Construction,"90,504",434,572,975,"9,321","1,159",323,236,994,157,594,336,"1,010",120,236,807,"3,464","1,664",994,585,118,179,522,"4,162",628,312,"3,329",662,"1,828",437,"1,101",291,"1,042",197,400,"1,052",420,250,464,141,172,420,395,"2,633",735,327,962,674,122,322,210,339,527,549,263,262,822,497,"1,571",255,"11,270",638,915,"4,118",186,216,"4,030",724,512,529,"1,319",432,"9,205","2,168",90,579
        Manufacturing,"175,414","1,665","1,450","2,703","18,445","1,690",803,329,"2,446",694,"1,128",735,"1,428",563,"1,565","1,674","6,807","4,712","2,362",575,738,550,"1,035","4,891","1,474",373,"3,083",982,"3,871","1,810","1,577","1,738","3,182",690,863,"4,131","2,468",390,957,295,552,948,"2,152","2,302","1,110","1,540","2,755","5,181",597,369,571,386,"1,896",438,765,882,"1,446","1,246","4,048",379,"11,864","1,489","1,205","4,792","1,322",503,"10,075","1,940",799,306,"2,761",505,"15,091","3,652",406,"2,269"
        Wholesale trade,"32,037",185,60,265,"4,043",293,66,0,13,117,83,169,100,53,120,131,"1,241",584,768,313,2,183,112,"1,331",92,138,"1,013",278,317,135,266,26,231,51,165,578,48,13,109,44,28,49,50,"1,267",121,47,553,285,127,71,4,9,193,41,137,113,338,207,870,65,"5,171",118,355,"1,988",146,75,"1,634",102,58,52,348,73,"2,799",551,153,103
        Retail trade,"170,961",898,902,"2,307","28,553","2,033",251,252,"1,273",228,"1,400",870,"1,254",355,"1,182",870,"6,808","3,645","2,580","1,118",154,512,909,"7,102",703,469,"6,189",723,"2,459",904,"2,028",479,"1,535",321,808,"2,746","1,438",313,808,286,367,595,"1,213","4,192",860,773,"2,348","1,948",329,417,273,334,676,705,722,498,"1,104",863,"3,179",429,"20,637",742,"1,016","7,074",329,445,"6,793",704,870,470,"1,876",701,"14,018","4,310",236,"1,250"
"        Transportation and warehousing, and utilities","77,392",413,529,539,"6,967","2,129",116,133,454,134,655,365,660,243,697,647,"2,072","1,736","2,226",611,309,147,180,"2,900",577,373,975,649,979,598,583,282,892,127,278,"1,416",633,129,667,149,138,307,542,"3,078",476,192,"1,008",861,237,209,123,219,655,187,354,250,596,354,"2,060",261,"9,945",547,700,"3,651",163,210,"4,104",334,351,160,650,614,"6,378","2,392",232,685
        Information,"18,007",117,39,197,"1,053",263,40,18,286,21,71,31,51,18,61,153,783,249,367,46,10,40,33,"1,395",36,10,665,113,124,25,64,151,163,66,14,202,66,17,27,1,92,13,88,551,121,107,281,415,7,14,1,18,69,49,20,71,148,74,202,16,"4,688",9,52,"1,247",39,0,587,0,79,52,116,2,"1,289",282,8,114
"        Finance and insurance, and real estate and rental and leasing","64,276",261,112,948,"6,078",582,205,55,503,130,325,328,448,252,421,149,"2,708","1,278",814,359,98,184,332,"3,120",277,123,"2,183",313,732,305,613,60,711,110,145,"1,360",304,77,237,49,150,178,247,"2,284",190,266,881,605,67,117,64,179,245,84,338,173,239,180,"1,228",207,"12,912",161,330,"4,175",240,119,"2,519",156,279,82,"1,107",392,"4,753","1,309",213,318
"        Professional, scientific, and management, and administrative and waste management services","100,720",314,227,957,"13,490","1,105",173,199,867,84,469,206,895,165,416,789,"3,448","2,144","1,079",426,82,249,475,"5,559",314,136,"3,810",547,996,316,805,86,567,107,230,"1,136",490,101,202,140,129,255,530,"2,125",326,368,992,627,93,166,220,82,448,250,337,181,789,342,"2,019",284,"19,584",271,312,"4,702",182,110,"5,381",475,313,182,"1,068",248,"10,770","2,157",178,423
"        Educational services, and health care and social assistance","321,734","1,669","2,037","4,062","23,753","3,854",992,479,"2,003",736,"2,883","1,677","1,938",801,"2,784","2,004","14,667","5,764","5,230","1,499",638,"1,085","2,382","16,693","1,591","1,411","9,248","2,057","5,625","1,907","3,223","1,141","4,560","1,393","1,216","6,418","2,006",564,"1,500",546,839,"1,386","2,111","7,795","1,343","1,063","3,870","4,052",608,712,909,592,"2,332",701,"1,721","1,052","2,061","1,742","6,353",861,"50,407","1,818","1,842","16,019",926,904,"12,852","1,410","1,527",851,"4,181","1,382","29,720","9,273",710,"1,773"
"        Arts, entertainment, and recreation, and accommodation and food services","103,098",338,379,763,"10,329","1,286",334,47,"1,119",216,"1,524",291,905,49,496,508,"3,772","1,719","1,835",434,243,178,321,"6,085",334,265,"5,459",440,758,701,"1,307",335,"1,413",374,411,"1,539",951,81,594,169,108,308,450,"2,527",242,209,"1,252","1,068",155,212,193,173,442,247,474,442,483,645,"2,896",54,"15,578",347,606,"3,709",147,125,"5,017",196,378,406,918,531,"10,649","2,640",198,771
"        Other services, except public administration","63,059",371,103,925,"5,980",863,150,44,662,186,575,270,657,139,444,257,"2,206","1,451","1,046",237,80,177,270,"2,854",139,221,"2,696",541,610,507,835,159,998,173,218,"1,619",679,125,278,209,273,312,389,"1,279",314,319,614,624,108,136,195,61,406,78,188,257,466,402,"1,225",157,"9,497",208,316,"2,808",155,60,"2,515",338,354,211,674,431,"5,411","1,948",45,331
        Public administration,"57,542",426,417,534,"3,039",497,229,136,275,274,257,210,474,159,117,318,"1,779",672,779,511,253,408,845,"2,340",430,142,"1,569",366,410,301,666,250,477,415,421,"2,726",417,208,326,245,330,227,268,"2,347",261,256,"1,250",709,209,162,65,184,750,182,420,189,354,276,595,225,"11,671",240,574,"3,256",213,153,"1,821",182,334,403,530,229,"3,232",752,103,272
CLASS OF WORKER,,,,,,,,,,,,,,,,,,,,,,,,,,,,,,,,,,,,,,,,,,,,,,,,,,,,,,,,,,,,,,,,,,,,,,,,,,,,
    Civilian employed population 16 years and over,"1,309,748","7,929","7,389","15,355","132,873","16,152","4,150","2,085","11,759","3,282","10,240","6,182","10,037","3,138","8,843","8,992","51,025","25,924","20,641","7,237","2,794","4,377","7,766","59,134","6,898","4,091","40,787","8,048","19,390","8,627","13,282","5,544","16,206","4,289","5,625","25,271","10,398","2,568","6,606","2,697","3,347","5,136","8,991","33,170","6,444","5,575","17,026","17,926","2,886","3,241","3,103","2,693","8,779","3,677","6,303","4,639","9,572","7,335","26,827","3,609","183,975","6,993","8,791","57,987","4,394","3,057","58,496","7,091","6,113","4,197","15,928","5,833","114,481","32,226","2,800","9,476"
        Private wage and salary workers,"1,029,511","5,898","5,766","12,155","113,976","12,495","3,135","1,560","8,717","2,494","8,323","4,693","7,894","2,354","6,863","6,946","40,930","21,774","16,266","5,465","2,220","3,090","5,484","47,557","5,120","3,083","33,302","6,132","15,444","6,852","10,521","4,302","12,441","2,881","4,102","16,933","8,599","1,754","4,801","1,773","2,311","3,692","6,819","25,550","4,981","4,276","13,055","14,013","2,192","2,357","2,327","1,720","6,320","2,869","4,338","3,376","7,476","5,163","21,407","2,688","140,966","5,041","6,567","45,741","3,215","2,049","48,712","5,536","4,450","2,479","12,345","4,401","91,038","25,980","2,142","7,824"
        Government workers,"199,049","1,504","1,390","1,907","10,702","2,525",856,455,"1,614",659,"1,363",910,"1,073",595,"1,450","1,171","7,040","2,824","3,003","1,291",483,"1,089","1,926","8,278","1,340",656,"4,757","1,560","2,457","1,253","1,987",897,"2,816","1,068","1,012","6,846","1,231",565,"1,214",548,779,"1,209","1,542","5,831",843,717,"3,232","3,073",441,553,582,683,"1,973",506,"1,550",898,"1,328","1,327","3,528",533,"34,309","1,056","1,484","9,489",719,708,"6,627",931,"1,177",908,"2,775",812,"16,859","4,422",376,954
        Self-employed in own not incorporated business workers,"78,483",461,230,"1,175","8,108","1,089",159,70,"1,401",126,532,557,"1,070",189,522,875,"2,951","1,227","1,358",470,91,166,352,"3,187",433,352,"2,641",333,"1,477",461,686,345,932,340,511,"1,468",560,249,568,374,211,235,555,"1,763",605,567,726,819,241,326,194,290,486,296,402,354,753,811,"1,787",332,"8,164",881,726,"2,657",451,300,"3,089",609,486,796,777,591,"6,466","1,695",282,664
        Unpaid family workers,"2,705",66,3,118,87,43,0,0,27,3,22,22,0,0,8,0,104,99,14,11,0,32,4,112,5,0,87,23,12,61,88,0,17,0,0,24,8,0,23,2,46,0,75,26,15,15,13,21,12,5,0,0,0,6,13,11,15,34,105,56,536,15,14,100,9,0,68,15,0,14,31,29,118,129,0,34
INCOME AND BENEFITS (IN 2020 INFLATION-ADJUSTED DOLLARS),,,,,,,,,,,,,,,,,,,,,,,,,,,,,,,,,,,,,,,,,,,,,,,,,,,,,,,,,,,,,,,,,,,,,,,,,,,,
    Total households,"1,170,544","7,416","7,716","18,727","99,661","15,043","4,233","1,754","11,079","4,052","8,336","6,476","10,882","3,170","8,456","8,491","42,203","24,065","19,021","6,568","2,992","5,059","7,207","45,091","6,671","5,014","40,906","7,049","17,587","8,100","12,515","5,271","14,325","4,911","6,241","26,630","9,792","2,898","6,584","3,202","3,598","5,292","8,359","27,218","6,045","6,918","16,237","16,623","3,234","3,706","3,188","2,996","9,487","3,700","7,561","4,215","9,567","8,114","22,863","3,755","161,652","7,294","9,313","45,098","4,114","3,235","52,026","5,690","7,315","4,866","15,855","7,220","89,094","28,903","3,002","7,797"
"        Less than $10,000","87,109",710,559,"1,019","3,655","1,073",476,159,775,586,"1,013",479,605,204,"1,005",477,"3,200","1,448","1,638",368,343,502,757,"3,661",883,386,"3,097",445,"1,541",664,587,283,"1,034",387,640,"2,658",928,385,460,610,215,389,615,"1,383",306,705,"1,624","1,379",413,276,308,221,"1,020",228,"1,232",290,901,535,"1,452",234,"12,511",557,"1,326","1,727",352,274,"3,456",404,734,518,"1,641",567,"6,738","2,074",330,474
"        $10,000 to $14,999","66,021",619,650,792,"3,009",889,219,66,783,365,450,829,696,254,783,788,"2,182","1,070","1,377",541,256,471,544,"1,746",673,495,"2,308",603,772,398,997,360,784,433,478,"2,215",578,256,505,392,306,340,597,"1,192",410,441,"1,001","1,040",274,222,334,238,690,218,915,334,766,649,"1,243",255,"7,528",593,"1,121","1,730",329,419,"2,482",447,503,414,"1,041",474,"3,641","1,541",232,435
"        $15,000 to $24,999","139,291",826,"1,235","2,649","6,969","1,734",551,199,"1,413",645,"1,362",754,"1,218",538,"1,046","1,352","4,785","3,174","2,937",841,485,903,"1,115","4,598",829,850,"4,979",635,"2,047","1,022","1,524","1,150","1,724",621,949,"3,735","1,359",400,"1,026",546,510,753,"1,033","2,787","1,111",912,"2,150","2,757",522,595,351,477,"1,374",592,"1,073",600,"1,471","1,427","3,147",480,"17,022","1,080","1,071","3,803",614,494,"6,157",658,"1,174",988,"1,776","1,023","8,784","4,308",551,941
"        $25,000 to $34,999","132,435",614,715,"2,718","7,229","1,844",492,185,"1,428",518,896,818,"1,523",270,"1,180",872,"5,018","3,044","2,029","1,044",405,775,816,"5,189",755,758,"4,457",399,"1,791","1,233","1,519",734,"1,706",678,763,"3,036","1,572",455,911,197,480,505,951,"2,206",812,"1,140","1,503","1,795",358,503,429,406,"1,349",513,634,626,"1,016",990,"3,287",501,"17,813",911,"1,034","3,854",487,428,"7,241",551,"1,200",475,"2,024","1,014","9,854","3,691",321,947
"        $35,000 to $49,999","165,405",807,"1,107","3,360","11,353","2,475",739,256,"1,261",546,"1,022","1,074","1,937",468,"1,192","1,084","5,999","3,534","2,670",794,384,645,628,"6,193",827,688,"6,121",852,"2,625",916,"1,936",732,"2,171",797,"1,128","3,951","1,643",351,892,312,408,714,"1,650","3,830",853,"1,266","2,637","2,370",371,618,402,425,"1,303",492,949,534,"1,463","1,407","3,187",587,"22,051","1,113","1,728","5,354",656,620,"7,762",985,"1,222",611,"2,141","1,270","13,117","4,282",382,"1,175"
"        $50,000 to $74,999","215,100","1,648","1,313","3,855","19,420","2,772",706,368,"2,237",655,"1,282","1,176","2,137",524,"1,332","1,522","7,488","4,424","2,747","1,036",550,914,"1,091","7,626","1,134",733,"8,819","1,355","3,614","1,678","2,594",924,"2,918",929,"1,026","4,780","1,644",466,"1,371",440,920,929,"1,707","5,283",801,"1,238","3,035","2,844",452,672,818,540,"1,499",515,"1,341",782,"2,050","1,430","4,137",781,"28,461","1,395","1,419","8,820",906,454,"9,482","1,168","1,258","1,032","2,461","1,301","16,737","5,132",393,"1,659"
"        $75,000 to $99,999","135,461",772,"1,138","1,853","16,055","1,885",416,213,"1,396",298,"1,075",671,"1,147",395,689,951,"4,916","2,925","2,238",901,251,439,919,"5,480",831,519,"4,690",942,"2,187","1,001","1,360",462,"1,761",576,526,"2,531",970,234,681,367,347,732,849,"4,015",868,566,"1,411","1,416",433,315,259,406,967,394,548,365,849,691,"2,002",437,"18,011",818,699,"7,065",257,310,"5,846",603,745,398,"1,722",747,"9,311","2,919",445,"1,034"
"        $100,000 to $149,999","136,718",939,716,"1,473","16,191","1,605",421,179,"1,024",236,902,501,762,361,734,855,"5,212","3,107","2,315",634,246,266,929,"6,648",476,379,"3,741","1,062","2,335",796,"1,483",375,"1,466",287,497,"2,382",696,271,516,215,216,627,634,"3,881",661,416,"1,898","1,929",273,374,228,250,912,596,632,446,762,543,"2,432",258,"19,957",619,506,"8,307",383,180,"6,191",603,274,302,"1,802",564,"11,470","3,343",175,841
"        $150,000 to $199,999","46,660",316,102,631,"6,573",403,143,125,327,52,126,59,495,106,196,334,"1,590",857,551,276,56,43,220,"2,255",128,178,"1,662",602,358,162,279,124,429,143,106,776,268,66,142,49,59,217,181,"1,698",103,92,596,591,78,83,46,19,271,101,134,108,204,172,"1,050",106,"8,303",111,200,"2,493",59,29,"1,615",110,105,76,763,167,"4,380",806,34,192
"        $200,000 or more","46,344",165,181,377,"9,207",363,70,4,435,151,208,115,362,50,299,256,"1,813",482,519,133,16,101,188,"1,695",135,28,"1,032",154,317,230,236,127,332,60,128,566,134,14,80,74,137,86,142,943,120,142,382,502,60,48,13,14,102,51,103,130,85,270,926,116,"9,995",97,209,"1,945",71,27,"1,794",161,100,52,484,93,"5,062",807,139,99
        Median household income (dollars),"49,475","51,000","43,601","43,504","71,556","46,392","41,808","50,441","48,249","33,523","39,500","37,933","45,563","46,349","37,609","44,456","49,730","48,980","42,384","44,379","35,134","31,855","42,924","54,191","37,561","35,274","48,150","59,051","50,083","45,484","46,390","38,038","48,972","42,818","37,885","40,402","39,346","33,763","40,587","27,902","46,554","48,966","44,232","59,278","41,446","38,426","45,391","42,986","38,438","41,165","39,946","39,542","38,279","44,926","33,724","42,983","40,700","39,084","46,004","42,754","52,930","42,844","36,053","66,876","42,635","35,077","47,878","47,872","35,573","36,067","45,293","40,442","52,380","44,000","40,331","47,981"
        Mean household income (dollars),"69,357","63,537","59,468","61,420","99,006","60,654","54,942","60,922","64,804","53,582","55,359","50,667","62,308","58,565","60,680","64,116","72,373","64,921","60,582","62,721","47,094","45,914","64,239","72,195","50,895","49,134","63,905","77,202","61,175","59,271","60,583","54,156","64,333","54,821","51,504","56,508","53,927","50,292","54,192","53,705","59,631","62,527","55,594","74,344","58,981","50,186","60,341","61,177","52,219","53,040","47,288","49,877","51,769","60,123","46,657","60,412","51,581","58,156","69,067","58,339","79,408","54,699","50,355","80,628","51,251","45,931","70,762","64,932","49,672","50,124","64,800","52,379","76,611","61,844","56,210","60,848"
        With earnings,"854,877","5,359","5,129","10,480","81,687","10,404","2,886","1,238","7,750","2,559","6,417","4,358","6,899","1,958","5,420","5,750","33,149","17,007","14,194","4,937","1,812","3,542","4,883","35,319","4,179","2,747","27,535","4,912","12,682","5,829","8,819","3,832","10,327","2,672","4,288","17,892","6,494","1,863","4,366","2,001","2,519","3,555","5,789","21,438","4,267","3,916","11,404","12,456","2,189","2,170","2,128","1,806","6,354","2,425","4,798","2,924","6,630","5,246","16,273","2,491","123,541","4,918","6,252","33,559","2,862","1,926","39,108","4,303","4,188","2,745","10,974","4,241","73,339","20,869","1,934","5,765"
            Mean earnings (dollars),"72,393","66,252","64,936","62,077","101,020","60,974","60,476","63,687","65,350","62,923","53,778","52,229","59,315","68,361","71,228","64,554","72,911","65,618","64,761","62,400","53,429","46,485","73,558","74,898","56,884","56,991","60,924","87,326","64,191","61,861","59,711","53,536","66,598","55,030","51,289","59,840","58,122","50,658","58,441","66,431","64,151","66,371","58,754","75,667","62,443","51,590","63,234","63,519","57,364","56,582","46,766","51,324","55,033","62,159","52,460","66,555","54,497","55,208","73,852","66,018","80,563","57,996","57,136","84,364","55,032","46,887","73,357","68,233","56,049","52,085","70,746","51,856","77,274","64,724","65,885","60,489"
        With Social Security,"420,921","2,491","3,441","10,106","27,739","6,552","1,578",768,"4,933","1,769","3,092","2,854","4,968","1,330","3,332","3,482","13,370","8,902","6,949","2,538","1,522","2,114","2,882","12,728","2,944","2,777","18,934","2,728","6,265","3,432","4,949","2,141","5,851","2,701","2,856","10,217","4,125","1,385","2,886","1,080","1,481","2,147","3,407","8,253","2,735","3,759","6,017","6,213","1,240","1,912","1,546","1,733","3,838","1,816","2,784","1,713","4,027","3,791","8,137","1,556","51,159","3,187","2,950","16,344","1,724","1,723","16,854","2,171","3,987","2,987","5,902","3,724","21,546","9,967","1,182","2,698"
            Mean Social Security income (dollars),"19,242","17,486","18,950","21,053","20,564","19,450","18,205","19,319","19,396","16,985","18,450","17,269","20,024","20,073","17,963","18,370","18,957","19,335","16,980","19,047","16,608","16,096","16,906","18,114","16,863","19,513","21,062","18,054","17,837","18,455","20,616","17,355","18,925","18,960","16,981","18,983","18,117","18,017","17,868","18,321","19,070","19,678","17,671","19,258","19,445","19,485","18,683","16,956","18,165","19,653","18,862","17,896","18,797","18,837","15,632","18,154","18,502","19,610","19,459","17,378","19,926","19,408","17,377","21,051","18,026","18,067","19,566","18,980","17,670","17,603","19,393","18,280","19,863","19,362","17,886","20,634"
        With retirement income,"240,221","1,636","1,584","6,342","17,317","3,039",707,355,"2,639",612,"1,681","1,282","3,066",653,"1,520","1,924","7,501","5,225","3,001","1,128",607,911,"1,244","8,321","1,392","1,304","11,058","1,877","4,203","1,772","3,448",988,"3,060","1,523","1,113","5,320","1,774",447,"1,301",873,779,"1,182","1,861","5,927",958,"2,059","3,398","3,279",690,"1,022",651,689,"2,189","1,229","1,791",803,"1,480","1,709","5,111",680,"30,435","1,536","1,829","10,496",777,709,"11,334",862,"2,075","1,366","3,636","2,123","11,960","7,242",415,"2,191"
            Mean retirement income (dollars),"21,967","19,450","20,340","21,220","27,126","21,504","23,040","20,271","22,685","17,579","21,601","17,483","24,402","18,144","25,013","15,672","22,415","19,196","17,299","16,803","17,401","17,462","20,147","23,554","20,452","11,930","23,767","19,912","19,452","19,202","20,650","19,027","21,186","16,216","17,834","23,501","22,344","16,917","18,564","14,037","20,675","25,668","19,882","22,088","21,454","17,975","23,782","21,519","15,678","21,286","20,162","24,163","19,428","20,085","15,552","17,419","17,663","34,300","23,156","15,470","25,282","15,951","16,424","24,821","14,998","15,812","20,224","22,428","15,230","17,539","16,199","19,786","23,227","18,826","15,540","17,964"
        With Supplemental Security Income,"75,715",792,627,948,"3,059",987,258,119,746,446,493,598,585,232,550,"1,068","2,874","1,330","1,397",419,250,758,402,"2,257",533,348,"2,724",561,"1,366",844,846,264,772,429,579,"2,981",927,215,601,275,244,270,498,"1,258",273,329,"1,181","1,785",292,273,244,180,743,271,888,278,952,523,"1,943",293,"10,652",581,"1,226","2,294",264,395,"2,974",323,596,557,896,571,"3,904","1,575",285,444
            Mean Supplemental Security Income (dollars),"9,709","8,699","9,666","10,839","10,256","8,611","9,824","10,358","8,092","6,946","10,536","9,852","8,395","8,680","9,227","10,457","9,313","11,110","10,422","7,367","7,879","9,686","8,581","9,327","10,013","10,150","9,806","11,414","9,686","9,774","9,982","9,066","8,638","9,012","9,261","10,242","10,467","10,465","8,829","8,191","8,676","8,522","8,459","10,541","8,849","9,715","10,241","8,557","9,577","11,162","6,864","10,669","8,705","8,677","9,333","7,874","8,584","8,965","10,867","10,049","10,005","9,579","9,817","10,215","8,389","10,528","9,528","9,776","9,554","9,368","10,201","10,998","9,747","9,408","8,987","8,630"
        With cash public assistance income,"21,461",103,77,367,588,216,36,23,113,91,151,247,144,91,150,158,615,340,272,99,67,345,131,650,153,73,783,283,257,119,270,21,274,32,108,"2,482",107,25,130,91,95,37,157,389,136,95,217,248,19,35,34,87,199,73,87,78,302,177,353,25,"2,834",91,116,"1,051",121,65,"1,024",30,224,290,171,79,"1,575",468,39,158
            Mean cash public assistance income (dollars),"3,097","1,952","1,869","2,887","3,661","3,582","2,956","1,983","2,852","2,289","4,267","1,759","5,931","2,684","2,155","2,890","3,265","4,369","2,738","1,714","2,984","3,158","1,185","2,820","4,551","2,747","1,461","3,158","1,914","1,907","5,602",N,"2,707","2,963","1,006","3,122","6,036",368,"2,598","1,127","1,824","1,303","2,334","2,354","2,835","1,478","1,647","1,199",N,"1,743","2,159",715,"1,784","3,285",777,"2,463","2,311","3,092","2,954",N,"3,073","3,498","2,409","3,271","1,957","2,100","2,854","1,700","1,363","3,727",984,"1,897","6,265","3,742","2,459","1,539"
        With Food Stamp/SNAP benefits in the past 12 months,"136,675","1,250","1,248","1,343","4,769","1,377",936,190,648,864,"1,064","1,098","1,001",418,"1,408","1,288","5,125","2,824","3,665",755,508,"1,139",869,"4,064","1,212",681,"4,798",799,"2,774","1,107","1,877",831,"1,370",558,"1,316","4,821","1,145",429,"1,105",824,395,521,"1,123","2,592",592,741,"2,082","3,066",654,532,685,411,"1,627",420,"2,305",557,"1,775","1,042","2,921",423,"17,590",854,"2,210","2,910",670,385,"6,436","1,046","1,273",977,"1,834",791,"6,591","3,505",718,923
    Families,"770,111","4,689","5,244","12,112","73,075","10,084","2,593","1,250","7,435","2,587","5,151","4,211","7,095","2,156","5,480","5,562","27,829","17,238","11,955","4,585","1,863","3,286","4,306","29,431","4,298","3,200","26,071","4,926","12,750","5,616","8,507","3,549","9,763","3,050","3,858","16,505","6,646","1,848","4,564","1,948","2,628","3,391","5,791","19,447","4,296","4,439","10,815","11,213","1,764","2,752","2,143","2,012","6,249","2,836","4,699","2,928","6,393","5,429","15,220","2,370","95,195","4,889","5,926","31,958","2,748","2,262","33,629","4,292","4,626","3,231","10,192","4,837","55,809","19,809","1,910","5,667"
"        Less than $10,000","33,568",293,179,323,"1,693",372,139,48,269,247,329,161,219,113,597,223,"1,502",559,796,113,100,262,280,"1,167",227,149,986,105,801,205,270,82,374,73,262,973,215,183,178,266,100,124,240,589,155,311,732,662,151,145,94,57,379,198,720,76,285,227,498,75,"4,584",179,637,614,110,50,"1,491",178,191,147,629,132,"2,256",862,149,208
"        $10,000 to $14,999","22,349",131,170,242,"1,128",362,28,19,89,89,108,374,178,105,282,217,737,471,586,201,55,95,120,676,104,169,883,198,441,102,347,75,186,68,177,940,222,124,89,78,82,114,180,326,159,127,318,332,90,89,228,77,324,62,287,140,285,294,351,47,"2,391",129,364,543,51,163,715,122,140,108,471,194,"1,444",662,86,188
"        $15,000 to $24,999","64,221",264,682,"1,193","3,558",741,265,84,528,389,533,342,487,136,450,709,"2,061","1,910","1,404",562,166,492,523,"2,126",512,441,"1,926",190,905,656,627,643,861,309,344,"1,639",758,118,538,247,331,219,554,"1,459",550,285,936,"1,596",166,316,232,238,691,287,513,296,748,776,"1,344",124,"7,596",631,731,"1,602",370,315,"2,624",381,464,367,799,573,"3,399","1,632",263,494
"        $25,000 to $34,999","77,530",437,446,"1,757","4,631",967,294,73,827,409,536,567,890,187,622,421,"2,675","1,799","1,155",584,266,555,401,"2,776",490,452,"2,822",279,"1,269",668,915,506,"1,050",396,421,"1,843",957,299,600,138,346,325,623,"1,361",635,847,753,"1,180",122,348,276,208,888,371,390,381,648,625,"2,261",295,"8,506",619,672,"2,263",298,331,"4,007",376,820,416,"1,092",583,"4,903","2,538",192,651
"        $35,000 to $49,999","106,550",492,812,"2,199","7,585","1,694",442,196,953,374,657,771,"1,333",347,895,857,"3,512","2,298","1,566",526,265,371,412,"3,662",619,483,"3,687",572,"2,228",698,"1,176",531,"1,512",526,714,"2,519","1,372",278,691,275,282,385,"1,113","2,424",590,824,"1,925","1,660",202,483,232,348,903,414,545,394,"1,205",957,"2,245",446,"10,922",787,"1,065","3,363",489,486,"5,150",843,924,524,"1,474",928,"7,677","3,130",182,929
"        $50,000 to $74,999","154,937","1,157","1,106","2,951","13,506","2,110",531,339,"1,898",467,"1,012",881,"1,805",427,922,"1,003","5,511","3,684","2,017",805,509,768,696,"5,165",918,521,"6,325","1,092","2,475","1,303","2,202",698,"2,190",718,870,"3,311","1,445",350,"1,210",384,803,686,"1,401","3,900",625,"1,039","2,332","2,011",385,577,651,457,"1,095",528,954,661,"1,588","1,040","2,737",524,"16,502","1,107","1,108","6,221",760,400,"6,935","1,071",974,910,"1,830","1,011","11,155","4,060",329,"1,288"
"        $75,000 to $99,999","110,079",661,928,"1,341","12,929","1,714",324,183,"1,200",218,872,478,930,355,595,856,"3,980","2,480","1,630",811,210,364,748,"4,201",769,462,"4,052",827,"1,918",847,"1,123",434,"1,547",514,422,"2,078",722,243,586,282,291,671,796,"3,354",844,437,"1,254","1,168",268,297,187,348,801,364,494,384,681,634,"1,789",410,"13,099",736,515,"5,914",214,287,"4,367",529,682,395,"1,428",731,"7,217","2,346",390,923
"        $100,000 to $149,999","118,135",822,661,"1,181","13,730","1,460",375,179,973,212,776,463,660,340,710,771,"4,752","2,848","1,874",609,232,235,794,"6,051",420,330,"3,247",907,"2,113",748,"1,385",371,"1,353",257,481,"2,119",638,192,476,192,206,575,579,"3,545",612,359,"1,795","1,705",248,366,192,246,835,460,559,362,671,482,"2,232",250,"15,754",517,506,"7,172",384,180,"5,362",522,241,236,"1,535",425,"9,078","3,101",181,725
"        $150,000 to $199,999","41,687",285,91,628,"5,869",318,125,125,282,48,120,59,408,101,183,288,"1,514",770,519,256,44,43,197,"2,036",104,166,"1,277",602,312,159,271,95,379,129,57,710,222,57,116,41,59,217,176,"1,673",62,92,483,451,78,83,38,19,231,101,134,108,197,144,956,96,"6,961",95,152,"2,431",49,29,"1,403",110,97,76,556,167,"4,138",833,3,183
"        $200,000 or more","41,055",147,169,297,"8,446",346,70,4,416,134,208,115,185,45,224,217,"1,585",419,408,118,16,101,135,"1,571",135,27,866,154,288,230,191,114,311,60,110,373,95,4,80,45,128,75,129,816,64,118,287,448,54,48,13,14,102,51,103,126,85,250,807,103,"8,880",89,176,"1,835",23,21,"1,575",160,93,52,378,93,"4,542",645,135,78
        Median family income (dollars),"62,067","61,807","56,504","52,342","83,240","58,692","55,286","60,192","61,729","41,502","57,770","47,599","56,351","59,964","47,754","56,628","63,489","58,329","52,606","58,133","54,531","43,668","65,428","70,821","54,920","44,672","60,892","76,607","55,777","57,335","57,417","48,422","57,079","53,062","50,327","52,338","46,935","46,154","53,573","46,484","55,582","69,606","52,713","72,137","53,162","45,878","56,206","52,556","60,140","49,838","50,235","51,696","49,191","55,500","46,951","56,737","50,336","47,092","57,976","59,359","70,346","51,658","42,840","80,710","52,649","43,279","57,621","56,492","45,742","51,133","59,045","50,124","66,768","54,749","55,486","56,333"
        Mean family income (dollars),"82,767","78,859","72,496","71,447","111,824","72,949","68,111","74,884","81,378","63,456","69,819","60,366","69,826","71,013","64,878","73,874","87,686","72,019","69,433","75,029","60,538","55,626","77,225","87,344","64,412","58,903","76,296","94,922","69,116","70,876","69,911","64,420","76,890","70,105","62,508","66,789","60,468","55,601","64,851","69,884","66,260","78,622","64,553","86,177","64,688","59,969","71,903","69,414","68,662","61,763","52,828","61,176","61,608","66,019","58,170","72,722","61,934","66,557","83,729","73,443","99,884","63,634","57,364","93,557","59,678","52,513","85,461","75,740","62,567","62,652","74,851","62,411","94,965","72,993","69,617","66,422"
    Per capita income (dollars),"27,724","26,969","23,138","27,695","36,597","24,749","22,912","24,823","26,445","21,418","21,708","22,935","27,490","23,998","23,217","26,539","28,407","25,460","24,161","25,205","21,229","19,090","26,440","27,414","20,639","20,564","27,274","30,639","23,978","22,178","23,498","23,297","25,046","21,189","19,901","21,941","22,077","22,204","22,113","20,103","14,182","27,057","22,632","28,446","22,733","22,113","23,828","24,825","24,610","22,892","19,443","20,768","21,338","23,030","20,379","24,642","21,154","24,691","25,546","26,955","33,773","23,534","19,743","31,973","21,026","19,761","28,623","23,423","21,644","20,462","27,129","23,244","29,419","23,801","25,677","23,008"
    Nonfamily households,"400,433","2,727","2,472","6,615","26,586","4,959","1,640",504,"3,644","1,465","3,185","2,265","3,787","1,014","2,976","2,929","14,374","6,827","7,066","1,983","1,129","1,773","2,901","15,660","2,373","1,814","14,835","2,123","4,837","2,484","4,008","1,722","4,562","1,861","2,383","10,125","3,146","1,050","2,020","1,254",970,"1,901","2,568","7,771","1,749","2,479","5,422","5,410","1,470",954,"1,045",984,"3,238",864,"2,862","1,287","3,174","2,685","7,643","1,385","66,457","2,405","3,387","13,140","1,366",973,"18,397","1,398","2,689","1,635","5,663","2,383","33,285","9,094","1,092","2,130"
        Median nonfamily income (dollars),"27,792","20,103","20,732","29,309","44,467","26,415","23,108","18,548","20,580","16,609","21,809","19,960","28,440","19,679","23,299","24,354","28,396","28,068","26,190","26,888","18,208","20,213","22,611","30,491","14,661","22,120","27,065","19,909","25,168","24,656","26,549","21,924","25,684","22,992","20,239","24,150","22,798","21,932","19,970","14,408","22,209","22,816","22,355","31,498","21,250","21,385","23,037","22,888","22,730","20,725","27,434","17,410","22,343","23,299","17,137","22,938","19,629","22,719","24,937","23,389","34,716","20,628","17,723","35,415","20,793","14,552","29,555","17,211","20,160","17,677","27,237","23,994","32,110","23,825","21,208","23,776"
        Mean nonfamily income (dollars),"40,847","35,172","30,702","41,037","60,217","33,734","32,551","24,457","29,802","33,799","30,109","30,111","46,156","27,556","49,764","43,240","40,163","45,006","40,989","31,141","23,650","26,950","43,081","41,488","25,530","30,842","38,418","31,540","34,666","31,129","39,227","30,598","35,212","28,859","31,481","37,484","36,892","39,266","27,784","27,314","32,293","32,606","33,042","41,140","42,558","31,165","35,036","38,245","30,333","25,069","34,341","26,507","30,944","28,574","26,676","30,901","28,516","39,504","38,208","31,755","47,793","34,266","32,984","44,922","33,337","28,897","40,723","29,511","25,362","21,793","42,485","30,249","43,415","34,519","30,151","40,315"
    Median earnings for workers (dollars),"31,343","32,033","32,066","27,954","37,969","28,665","37,134","29,554","27,795","29,676","21,191","27,414","28,271","38,806","25,885","27,549","29,772","30,706","31,261","31,712","28,301","27,134","32,732","32,367","28,819","25,845","26,798","40,110","30,288","29,198","29,867","25,003","28,117","24,851","25,214","30,152","26,866","25,463","26,330","27,770","27,166","32,724","27,253","37,524","28,510","22,405","31,350","30,974","31,612","25,965","28,473","26,689","26,311","28,711","31,272","26,588","27,915","24,846","25,484","34,144","34,894","28,510","23,847","40,114","27,270","25,336","30,262","26,752","24,235","20,531","32,754","24,387","31,400","27,402","34,772","27,350"
"    Median earnings for male full-time, year-round workers (dollars)","45,269","44,309","45,776","37,098","52,938","41,003","45,084","38,833","40,082","43,607","40,925","40,636","39,791","50,000","39,968","52,132","44,174","47,913","46,315","41,571","44,589","32,317","47,008","45,474","40,625","42,135","39,592","58,463","44,334","37,264","40,969","37,464","41,916","36,635","41,801","41,821","41,357","40,805","42,721","34,208","45,417","48,056","39,779","49,217","38,546","37,870","47,844","45,441","46,439","41,970","34,931","42,099","42,594","47,230","39,299","41,250","43,417","36,396","47,425","43,044","48,868","40,859","33,465","52,838","35,000","33,716","43,958","44,551","37,833","40,924","54,016","44,420","45,297","44,139","48,494","38,387"
"    Median earnings for female full-time, year-round workers (dollars)","36,482","31,287","34,802","30,891","40,927","35,671","36,865","31,002","31,726","33,480","37,048","29,208","31,158","42,563","32,915","29,007","37,067","34,710","36,156","33,924","31,354","35,147","37,197","38,626","30,874","30,583","33,535","39,071","36,741","31,742","31,847","25,801","31,670","30,958","31,182","34,701","28,610","26,233","30,969","30,293","32,569","35,839","30,325","39,573","38,787","31,621","35,027","32,627","33,253","34,050","30,532","31,453","32,543","34,019","35,094","29,375","33,204","24,179","29,328","33,456","40,937","33,806","28,581","42,341","30,976","33,967","35,764","27,374","27,878","26,683","35,552","29,890","39,350","33,626","33,034","30,367"
HEALTH INSURANCE COVERAGE,,,,,,,,,,,,,,,,,,,,,,,,,,,,,,,,,,,,,,,,,,,,,,,,,,,,,,,,,,,,,,,,,,,,,,,,,,,,
    Civilian noninstitutionalized population,"2,957,271","17,524","19,859","41,345","271,914","37,104","10,712","5,121","27,839","9,749","22,030","14,606","24,758","7,972","23,212","20,808","108,012","62,421","47,904","16,355","6,374","11,472","17,844","123,417","17,507","12,125","97,797","18,050","44,678","21,437","31,469","13,099","37,048","12,532","14,303","63,358","26,298","6,602","16,214","7,383","8,275","12,191","21,358","71,512","16,316","16,473","42,231","40,652","6,800","8,832","8,090","7,683","23,250","10,233","17,948","10,561","23,410","19,876","63,301","8,002","386,593","17,624","22,249","119,658","10,204","7,817","126,462","16,836","17,026","12,474","38,738","16,394","234,236","78,239","6,365","21,110"
        With health insurance coverage,"2,711,291","16,603","18,338","38,955","248,221","34,573","9,552","4,695","24,634","8,715","20,041","13,754","22,875","7,681","21,515","19,621","98,761","57,177","44,058","15,104","5,885","10,586","16,990","113,175","16,560","10,808","87,942","17,052","41,353","19,412","29,286","11,741","33,879","11,827","13,050","59,579","24,313","6,102","15,149","6,774","7,739","11,570","20,063","66,334","14,839","15,509","38,471","37,588","6,229","7,867","7,457","7,343","21,808","9,729","16,594","9,656","20,942","17,972","58,689","7,471","356,144","16,294","20,045","112,666","9,518","7,396","112,774","14,122","16,045","11,560","36,055","14,849","206,926","71,075","6,025","19,591"
            With private health insurance,"1,800,405","10,196","9,969","25,446","192,615","22,972","5,523","2,576","15,792","4,118","13,790","8,010","14,729","4,798","13,401","11,123","66,315","35,626","24,405","8,393","3,459","5,769","10,684","84,420","9,594","5,872","55,574","12,347","26,126","11,208","17,974","6,704","20,862","6,576","6,726","37,552","15,022","3,282","8,675","3,330","5,118","7,780","12,843","49,196","8,673","9,415","22,661","22,026","3,435","4,666","4,033","4,539","12,293","5,980","8,070","6,229","10,240","10,560","38,568","4,804","245,957","8,807","9,898","87,086","5,470","4,024","73,437","8,477","7,808","5,405","24,038","8,017","156,716","47,013","3,388","12,182"
            With public coverage,"1,291,530","8,524","10,638","22,484","81,934","17,331","5,407","2,653","13,783","5,885","8,698","8,261","13,453","3,813","10,782","11,232","44,560","30,002","23,219","8,297","3,397","6,097","8,415","42,084","9,274","6,740","50,581","7,799","21,029","11,001","15,854","6,918","17,143","7,259","8,134","31,187","12,671","3,751","8,609","4,503","3,851","5,865","10,012","26,665","8,236","9,354","21,350","19,339","3,828","4,937","4,767","4,124","13,153","5,241","11,008","4,910","13,006","10,811","28,089","3,620","161,794","9,589","12,390","43,880","5,331","4,570","53,742","7,740","11,169","8,065","17,118","9,871","73,003","34,144","3,265","10,291"
        No health insurance coverage,"245,980",921,"1,521","2,390","23,693","2,531","1,160",426,"3,205","1,034","1,989",852,"1,883",291,"1,697","1,187","9,251","5,244","3,846","1,251",489,886,854,"10,242",947,"1,317","9,855",998,"3,325","2,025","2,183","1,358","3,169",705,"1,253","3,779","1,985",500,"1,065",609,536,621,"1,295","5,178","1,477",964,"3,760","3,064",571,965,633,340,"1,442",504,"1,354",905,"2,468","1,904","4,612",531,"30,449","1,330","2,204","6,992",686,421,"13,688","2,714",981,914,"2,683","1,545","27,310","7,164",340,"1,519"
    Civilian noninstitutionalized population under 19 years,"742,460","4,358","4,830","7,439","74,880","8,862","2,770","1,037","6,486","2,464","5,186","3,375","5,067","1,952","5,285","5,047","28,409","16,239","13,833","4,219","1,192","3,176","4,431","30,999","4,186","2,649","20,979","4,271","11,550","5,801","7,570","3,710","9,545","2,507","3,522","16,193","6,977","1,288","3,946","1,696","2,237","2,816","4,995","19,594","4,078","3,152","10,724","11,359","1,552","1,756","1,925","1,669","5,547","2,328","4,794","2,412","5,956","4,800","15,890","1,764","95,815","4,388","5,781","29,697","2,573","1,607","32,328","5,067","3,739","2,561","9,858","3,346","62,065","19,541","1,486","5,334"
        No health insurance coverage,"34,847",75,53,175,"4,115",232,139,70,588,0,195,89,247,0,155,119,"1,527",675,462,128,73,87,170,"1,151",58,453,"1,180",86,372,377,182,407,508,102,199,598,130,71,125,77,150,140,130,867,156,63,216,556,125,88,43,110,199,43,154,42,365,159,530,83,"3,487",84,260,"1,213",245,21,"2,181",373,56,107,369,224,"5,468",941,41,108
    Civilian noninstitutionalized population 19 to 64 years,"1,720,686","9,874","10,971","21,114","161,079","20,609","6,034","2,993","15,005","5,214","13,384","8,136","13,197","4,439","14,059","11,807","65,222","35,922","27,621","9,200","3,604","6,172","10,308","77,198","9,984","6,397","53,830","10,683","26,106","11,850","17,799","7,155","21,310","6,716","7,963","35,899","15,063","3,763","9,240","4,073","4,208","6,846","12,171","42,326","9,166","8,746","24,570","23,427","3,719","4,726","4,599","4,005","13,137","5,905","9,823","6,080","13,378","10,588","37,895","4,396","231,608","9,844","12,474","68,721","5,546","4,241","74,358","9,469","8,893","6,553","22,133","8,863","145,453","46,151","3,434","12,241"
        In labor force:,"1,264,597","7,524","7,191","14,594","127,670","15,442","3,981","1,966","10,756","3,235","9,306","5,826","9,249","3,084","8,896","8,806","49,950","25,107","20,826","7,108","2,773","3,987","7,155","57,630","6,761","3,919","38,949","7,806","18,902","8,112","12,869","5,258","15,278","4,409","5,607","25,164","10,006","2,481","6,440","2,814","2,940","5,039","8,764","32,634","6,385","5,292","16,956","17,681","2,685","3,211","2,951","2,504","8,609","3,551","6,678","4,410","9,072","7,530","26,269","3,419","177,226","6,750","8,382","54,973","4,032","2,822","56,395","6,835","5,661","4,132","15,251","5,647","110,341","31,306","2,619","8,808"
            Employed:,"1,201,973","7,147","6,903","13,776","124,882","14,738","3,752","1,792","10,370","2,836","9,006","5,507","8,792","2,994","8,338","8,151","47,415","23,913","18,991","6,630","2,563","3,833","6,939","55,869","6,391","3,699","36,459","7,592","17,661","7,775","12,113","4,935","14,621","3,896","4,959","22,906","9,661","2,301","6,014","2,400","2,896","4,623","8,216","31,088","5,870","4,960","15,686","16,245","2,539","2,992","2,768","2,361","7,955","3,354","5,721","4,259","8,640","6,742","24,938","3,284","168,331","6,506","7,914","52,862","3,810","2,709","53,953","6,480","5,369","3,796","14,653","5,294","105,788","29,878","2,472","8,501"
                With health insurance coverage,"1,068,569","6,626","6,066","12,510","111,491","13,222","3,173","1,583","8,720","2,402","8,028","5,053","7,732","2,807","7,667","7,491","42,213","21,290","17,143","5,859","2,301","3,456","6,486","49,823","5,934","3,208","30,310","6,865","15,944","6,776","10,845","4,333","13,031","3,558","4,356","21,460","8,627","2,094","5,492","2,090","2,658","4,384","7,604","28,069","5,039","4,508","13,765","14,923","2,295","2,476","2,322","2,201","7,282","3,137","5,221","3,688","7,273","5,779","22,281","3,025","150,995","5,783","6,575","48,740","3,539","2,520","45,985","5,132","4,785","3,383","13,725","4,460","91,334","25,635","2,301","7,682"
                    With private health insurance,"953,799","5,892","5,003","11,291","104,470","12,006","2,787","1,404","7,517","1,974","7,135","4,204","6,646","2,547","6,746","6,032","36,832","18,649","14,525","4,895","2,077","3,027","5,822","44,934","5,129","2,726","25,675","6,286","13,890","5,881","9,675","3,551","11,533","2,809","3,376","18,862","7,619","1,806","4,520","1,832","2,493","4,015","6,738","25,970","4,358","3,938","12,045","12,926","1,951","2,096","1,879","2,027","6,618","2,789","4,421","3,095","6,047","4,727","19,643","2,736","136,654","4,712","5,431","46,056","3,094","2,091","41,394","4,596","3,657","2,710","12,121","3,463","84,547","22,176","2,079","6,921"
                    With public coverage,"155,474","1,067","1,172","1,793","9,995","1,685",500,189,"1,771",574,"1,112","1,271","1,307",335,"1,247","1,640","6,706","3,779","3,067","1,146",342,627,834,"6,541","1,252",668,"5,661",886,"2,756","1,075","1,557",958,"1,859",850,"1,187","3,581","1,303",339,"1,172",367,320,518,"1,101","3,671",753,679,"2,278","2,488",435,424,551,244,"1,116",445,"1,223",694,"1,532","1,312","3,469",310,"20,908","1,257","1,390","4,429",617,533,"7,049",831,"1,300",869,"2,012","1,204","9,870","4,175",242,"1,054"
                No health insurance coverage,"133,404",521,837,"1,266","13,391","1,516",579,209,"1,650",434,978,454,"1,060",187,671,660,"5,202","2,623","1,848",771,262,377,453,"6,046",457,491,"6,149",727,"1,717",999,"1,268",602,"1,590",338,603,"1,446","1,034",207,522,310,238,239,612,"3,019",831,452,"1,921","1,322",244,516,446,160,673,217,500,571,"1,367",963,"2,657",259,"17,336",723,"1,339","4,122",271,189,"7,968","1,348",584,413,928,834,"14,454","4,243",171,819
            Unemployed:,"62,624",377,288,818,"2,788",704,229,174,386,399,300,319,457,90,558,655,"2,535","1,194","1,835",478,210,154,216,"1,761",370,220,"2,490",214,"1,241",337,756,323,657,513,648,"2,258",345,180,426,414,44,416,548,"1,546",515,332,"1,270","1,436",146,219,183,143,654,197,957,151,432,788,"1,331",135,"8,895",244,468,"2,111",222,113,"2,442",355,292,336,598,353,"4,553","1,428",147,307
                With health insurance coverage,"44,005",229,210,488,"2,246",467,146,129,275,228,226,195,326,89,321,385,"1,700",542,"1,051",394,157,137,175,"1,275",322,170,"1,649",160,840,268,472,306,496,397,437,"1,636",312,166,330,301,42,341,450,"1,238",421,175,904,924,114,82,135,143,503,147,671,123,220,477,"1,106",92,"6,368",115,270,"1,695",187,97,"1,609",263,213,176,456,226,"2,755","1,248",115,251
                    With private health insurance,"20,435",103,59,246,"1,493",178,98,46,90,60,161,79,82,41,184,190,835,316,281,123,15,70,140,734,64,100,576,78,385,155,126,81,152,87,231,770,136,66,126,36,14,225,278,677,81,43,261,502,18,7,92,115,301,51,8,35,78,273,593,58,"3,147",58,50,921,80,27,667,127,46,24,238,34,"1,889",508,17,99
                    With public coverage,"25,407",164,168,244,836,289,48,94,214,183,65,116,244,57,137,202,965,253,781,271,142,67,47,610,258,70,"1,119",84,480,113,346,225,406,319,206,947,203,106,204,265,28,123,176,675,395,135,643,506,96,76,43,42,300,96,671,88,179,241,542,39,"3,474",62,230,876,120,80,"1,011",136,177,152,221,210,973,793,98,152
                No health insurance coverage,"18,619",148,78,330,542,237,83,45,111,171,74,124,131,1,237,270,835,652,784,84,53,17,41,486,48,50,841,54,401,69,284,17,161,116,211,622,33,14,96,113,2,75,98,308,94,157,366,512,32,137,48,0,151,50,286,28,212,311,225,43,"2,527",129,198,416,35,16,833,92,79,160,142,127,"1,798",180,32,56
        Not in labor force:,"456,089","2,350","3,780","6,520","33,409","5,167","2,053","1,027","4,249","1,979","4,078","2,310","3,948","1,355","5,163","3,001","15,272","10,815","6,795","2,092",831,"2,185","3,153","19,568","3,223","2,478","14,881","2,877","7,204","3,738","4,930","1,897","6,032","2,307","2,356","10,735","5,057","1,282","2,800","1,259","1,268","1,807","3,407","9,692","2,781","3,454","7,614","5,746","1,034","1,515","1,648","1,501","4,528","2,354","3,145","1,670","4,306","3,058","11,626",977,"54,382","3,094","4,092","13,748","1,514","1,419","17,963","2,634","3,232","2,421","6,882","3,216","35,112","14,845",815,"3,433"
            With health insurance coverage,"399,389","2,173","3,227","5,920","28,205","4,623","1,702",925,"3,394","1,572","3,336","2,125","3,503","1,252","4,529","2,863","13,608","9,540","6,068","1,824",730,"1,785","2,963","17,099","2,839","2,155","13,432","2,746","6,378","3,205","4,481","1,565","5,159","2,160","2,130","9,677","4,269","1,074","2,478","1,150","1,122","1,646","2,955","8,716","2,391","3,164","6,437","5,104",864,"1,291","1,561","1,440","4,109","2,160","2,759","1,406","3,782","2,619","10,426",831,"47,690","2,700","3,685","12,603","1,379","1,239","15,453","1,733","2,970","2,187","5,638","2,856","29,750","13,207",723,"2,929"
                With private health insurance,"191,035",760,"1,159","2,795","18,585","2,142",683,219,"1,481",497,"2,056",792,"1,587",548,"2,134","1,037","6,831","3,920","1,860",510,308,640,"1,294","10,191","1,057",733,"7,025","1,447","2,633","1,398","1,844",658,"1,992",884,742,"4,531","1,882",349,834,234,546,695,"1,473","4,540",879,"1,315","2,562","1,429",279,555,615,589,"1,147",808,579,639,996,"1,058","5,161",482,"23,370",846,"1,140","6,977",516,450,"7,344",624,700,498,"2,815","1,138","19,905","6,733",177,"1,183"
                With public coverage,"247,565","1,575","2,413","3,755","11,540","3,008","1,147",775,"2,194","1,199","1,634","1,569","2,264",806,"2,665","2,175","8,012","6,665","4,585","1,431",563,"1,380","2,049","8,269","2,076","1,522","8,187","1,785","4,389","2,240","3,190","1,120","3,573","1,458","1,626","6,445","2,721",835,"1,845",992,675,"1,176","1,978","5,004","1,620","2,129","4,506","4,091",700,909,"1,174",968,"3,364","1,518","2,396",927,"3,073","1,911","6,361",463,"30,207","2,054","2,772","7,289","1,101",950,"9,605","1,238","2,603","1,751","3,463","2,042","11,892","7,356",580,"2,042"
            No health insurance coverage,"56,700",177,553,600,"5,204",544,351,102,855,407,742,185,445,103,634,138,"1,664","1,275",727,268,101,400,190,"2,469",384,323,"1,449",131,826,533,449,332,873,147,226,"1,058",788,208,322,109,146,161,452,976,390,290,"1,177",642,170,224,87,61,419,194,386,264,524,439,"1,200",146,"6,692",394,407,"1,145",135,180,"2,510",901,262,234,"1,244",360,"5,362","1,638",92,504
PERCENTAGE OF FAMILIES AND PEOPLE WHOSE INCOME IN THE PAST 12 MONTHS IS BELOW THE POVERTY LEVEL,,,,,,,,,,,,,,,,,,,,,,,,,,,,,,,,,,,,,,,,,,,,,,,,,,,,,,,,,,,,,,,,,,,,,,,,,,,,
    All families,(X),(X),(X),(X),(X),(X),(X),(X),(X),(X),(X),(X),(X),(X),(X),(X),(X),(X),(X),(X),(X),(X),(X),(X),(X),(X),(X),(X),(X),(X),(X),(X),(X),(X),(X),(X),(X),(X),(X),(X),(X),(X),(X),(X),(X),(X),(X),(X),(X),(X),(X),(X),(X),(X),(X),(X),(X),(X),(X),(X),(X),(X),(X),(X),(X),(X),(X),(X),(X),(X),(X),(X),(X),(X),(X),(X)
        With related children of the householder under 18 years,(X),(X),(X),(X),(X),(X),(X),(X),(X),(X),(X),(X),(X),(X),(X),(X),(X),(X),(X),(X),(X),(X),(X),(X),(X),(X),(X),(X),(X),(X),(X),(X),(X),(X),(X),(X),(X),(X),(X),(X),(X),(X),(X),(X),(X),(X),(X),(X),(X),(X),(X),(X),(X),(X),(X),(X),(X),(X),(X),(X),(X),(X),(X),(X),(X),(X),(X),(X),(X),(X),(X),(X),(X),(X),(X),(X)
            With related children of the householder under 5 years only,(X),(X),(X),(X),(X),(X),(X),(X),(X),(X),(X),(X),(X),(X),(X),(X),(X),(X),(X),(X),(X),(X),(X),(X),(X),(X),(X),(X),(X),(X),(X),(X),(X),(X),(X),(X),(X),(X),(X),(X),(X),(X),(X),(X),(X),(X),(X),(X),(X),(X),(X),(X),(X),(X),(X),(X),(X),(X),(X),(X),(X),(X),(X),(X),(X),(X),(X),(X),(X),(X),(X),(X),(X),(X),(X),(X)
        Married couple families,(X),(X),(X),(X),(X),(X),(X),(X),(X),(X),(X),(X),(X),(X),(X),(X),(X),(X),(X),(X),(X),(X),(X),(X),(X),(X),(X),(X),(X),(X),(X),(X),(X),(X),(X),(X),(X),(X),(X),(X),(X),(X),(X),(X),(X),(X),(X),(X),(X),(X),(X),(X),(X),(X),(X),(X),(X),(X),(X),(X),(X),(X),(X),(X),(X),(X),(X),(X),(X),(X),(X),(X),(X),(X),(X),(X)
            With related children of the householder under 18 years,(X),(X),(X),(X),(X),(X),(X),(X),(X),(X),(X),(X),(X),(X),(X),(X),(X),(X),(X),(X),(X),(X),(X),(X),(X),(X),(X),(X),(X),(X),(X),(X),(X),(X),(X),(X),(X),(X),(X),(X),(X),(X),(X),(X),(X),(X),(X),(X),(X),(X),(X),(X),(X),(X),(X),(X),(X),(X),(X),(X),(X),(X),(X),(X),(X),(X),(X),(X),(X),(X),(X),(X),(X),(X),(X),(X)
                With related children of the householder under 5 years only,(X),(X),(X),(X),(X),(X),(X),(X),(X),(X),(X),(X),(X),(X),(X),(X),(X),(X),(X),(X),(X),(X),(X),(X),(X),(X),(X),(X),(X),(X),(X),(X),(X),(X),(X),(X),(X),(X),(X),(X),(X),(X),(X),(X),(X),(X),(X),(X),(X),(X),(X),(X),(X),(X),(X),(X),(X),(X),(X),(X),(X),(X),(X),(X),(X),(X),(X),(X),(X),(X),(X),(X),(X),(X),(X),(X)
"        Families with female householder, no spouse present",(X),(X),(X),(X),(X),(X),(X),(X),(X),(X),(X),(X),(X),(X),(X),(X),(X),(X),(X),(X),(X),(X),(X),(X),(X),(X),(X),(X),(X),(X),(X),(X),(X),(X),(X),(X),(X),(X),(X),(X),(X),(X),(X),(X),(X),(X),(X),(X),(X),(X),(X),(X),(X),(X),(X),(X),(X),(X),(X),(X),(X),(X),(X),(X),(X),(X),(X),(X),(X),(X),(X),(X),(X),(X),(X),(X)
            With related children of the householder under 18 years,(X),(X),(X),(X),(X),(X),(X),(X),(X),(X),(X),(X),(X),(X),(X),(X),(X),(X),(X),(X),(X),(X),(X),(X),(X),(X),(X),(X),(X),(X),(X),(X),(X),(X),(X),(X),(X),(X),(X),(X),(X),(X),(X),(X),(X),(X),(X),(X),(X),(X),(X),(X),(X),(X),(X),(X),(X),(X),(X),(X),(X),(X),(X),(X),(X),(X),(X),(X),(X),(X),(X),(X),(X),(X),(X),(X)
                With related children of the householder under 5 years only,(X),(X),(X),(X),(X),(X),(X),(X),(X),(X),(X),(X),(X),(X),(X),(X),(X),(X),(X),(X),(X),(X),(X),(X),(X),(X),(X),(X),(X),(X),(X),(X),(X),(X),(X),(X),(X),(X),(X),(X),(X),(X),(X),(X),(X),(X),(X),(X),(X),(X),(X),(X),(X),(X),(X),(X),(X),(X),(X),(X),(X),(X),(X),(X),(X),(X),(X),(X),(X),(X),(X),(X),(X),(X),(X),(X)
    All people,(X),(X),(X),(X),(X),(X),(X),(X),(X),(X),(X),(X),(X),(X),(X),(X),(X),(X),(X),(X),(X),(X),(X),(X),(X),(X),(X),(X),(X),(X),(X),(X),(X),(X),(X),(X),(X),(X),(X),(X),(X),(X),(X),(X),(X),(X),(X),(X),(X),(X),(X),(X),(X),(X),(X),(X),(X),(X),(X),(X),(X),(X),(X),(X),(X),(X),(X),(X),(X),(X),(X),(X),(X),(X),(X),(X)
        Under 18 years,(X),(X),(X),(X),(X),(X),(X),(X),(X),(X),(X),(X),(X),(X),(X),(X),(X),(X),(X),(X),(X),(X),(X),(X),(X),(X),(X),(X),(X),(X),(X),(X),(X),(X),(X),(X),(X),(X),(X),(X),(X),(X),(X),(X),(X),(X),(X),(X),(X),(X),(X),(X),(X),(X),(X),(X),(X),(X),(X),(X),(X),(X),(X),(X),(X),(X),(X),(X),(X),(X),(X),(X),(X),(X),(X),(X)
            Related children of the householder under 18 years,(X),(X),(X),(X),(X),(X),(X),(X),(X),(X),(X),(X),(X),(X),(X),(X),(X),(X),(X),(X),(X),(X),(X),(X),(X),(X),(X),(X),(X),(X),(X),(X),(X),(X),(X),(X),(X),(X),(X),(X),(X),(X),(X),(X),(X),(X),(X),(X),(X),(X),(X),(X),(X),(X),(X),(X),(X),(X),(X),(X),(X),(X),(X),(X),(X),(X),(X),(X),(X),(X),(X),(X),(X),(X),(X),(X)
                Related children of the householder under 5 years,(X),(X),(X),(X),(X),(X),(X),(X),(X),(X),(X),(X),(X),(X),(X),(X),(X),(X),(X),(X),(X),(X),(X),(X),(X),(X),(X),(X),(X),(X),(X),(X),(X),(X),(X),(X),(X),(X),(X),(X),(X),(X),(X),(X),(X),(X),(X),(X),(X),(X),(X),(X),(X),(X),(X),(X),(X),(X),(X),(X),(X),(X),(X),(X),(X),(X),(X),(X),(X),(X),(X),(X),(X),(X),(X),(X)
                Related children of the householder 5 to 17 years,(X),(X),(X),(X),(X),(X),(X),(X),(X),(X),(X),(X),(X),(X),(X),(X),(X),(X),(X),(X),(X),(X),(X),(X),(X),(X),(X),(X),(X),(X),(X),(X),(X),(X),(X),(X),(X),(X),(X),(X),(X),(X),(X),(X),(X),(X),(X),(X),(X),(X),(X),(X),(X),(X),(X),(X),(X),(X),(X),(X),(X),(X),(X),(X),(X),(X),(X),(X),(X),(X),(X),(X),(X),(X),(X),(X)
        18 years and over,(X),(X),(X),(X),(X),(X),(X),(X),(X),(X),(X),(X),(X),(X),(X),(X),(X),(X),(X),(X),(X),(X),(X),(X),(X),(X),(X),(X),(X),(X),(X),(X),(X),(X),(X),(X),(X),(X),(X),(X),(X),(X),(X),(X),(X),(X),(X),(X),(X),(X),(X),(X),(X),(X),(X),(X),(X),(X),(X),(X),(X),(X),(X),(X),(X),(X),(X),(X),(X),(X),(X),(X),(X),(X),(X),(X)
            18 to 64 years,(X),(X),(X),(X),(X),(X),(X),(X),(X),(X),(X),(X),(X),(X),(X),(X),(X),(X),(X),(X),(X),(X),(X),(X),(X),(X),(X),(X),(X),(X),(X),(X),(X),(X),(X),(X),(X),(X),(X),(X),(X),(X),(X),(X),(X),(X),(X),(X),(X),(X),(X),(X),(X),(X),(X),(X),(X),(X),(X),(X),(X),(X),(X),(X),(X),(X),(X),(X),(X),(X),(X),(X),(X),(X),(X),(X)
            65 years and over,(X),(X),(X),(X),(X),(X),(X),(X),(X),(X),(X),(X),(X),(X),(X),(X),(X),(X),(X),(X),(X),(X),(X),(X),(X),(X),(X),(X),(X),(X),(X),(X),(X),(X),(X),(X),(X),(X),(X),(X),(X),(X),(X),(X),(X),(X),(X),(X),(X),(X),(X),(X),(X),(X),(X),(X),(X),(X),(X),(X),(X),(X),(X),(X),(X),(X),(X),(X),(X),(X),(X),(X),(X),(X),(X),(X)
        People in families,(X),(X),(X),(X),(X),(X),(X),(X),(X),(X),(X),(X),(X),(X),(X),(X),(X),(X),(X),(X),(X),(X),(X),(X),(X),(X),(X),(X),(X),(X),(X),(X),(X),(X),(X),(X),(X),(X),(X),(X),(X),(X),(X),(X),(X),(X),(X),(X),(X),(X),(X),(X),(X),(X),(X),(X),(X),(X),(X),(X),(X),(X),(X),(X),(X),(X),(X),(X),(X),(X),(X),(X),(X),(X),(X),(X)
        Unrelated individuals 15 years and over,(X),(X),(X),(X),(X),(X),(X),(X),(X),(X),(X),(X),(X),(X),(X),(X),(X),(X),(X),(X),(X),(X),(X),(X),(X),(X),(X),(X),(X),(X),(X),(X),(X),(X),(X),(X),(X),(X),(X),(X),(X),(X),(X),(X),(X),(X),(X),(X),(X),(X),(X),(X),(X),(X),(X),(X),(X),(X),(X),(X),(X),(X),(X),(X),(X),(X),(X),(X),(X),(X),(X),(X),(X),(X),(X),(X)
