Label (Grouping),Arkansas!!Uninsured!!Estimate,"Arkansas County, Arkansas!!Uninsured!!Estimate","Ashley County, Arkansas!!Uninsured!!Estimate","Baxter County, Arkansas!!Uninsured!!Estimate","Benton County, Arkansas!!Uninsured!!Estimate","Boone County, Arkansas!!Uninsured!!Estimate","Bradley County, Arkansas!!Uninsured!!Estimate","Calhoun County, Arkansas!!Uninsured!!Estimate","Carroll County, Arkansas!!Uninsured!!Estimate","Chicot County, Arkansas!!Uninsured!!Estimate","Clark County, Arkansas!!Uninsured!!Estimate","Clay County, Arkansas!!Uninsured!!Estimate","Cleburne County, Arkansas!!Uninsured!!Estimate","Cleveland County, Arkansas!!Uninsured!!Estimate","Columbia County, Arkansas!!Uninsured!!Estimate","Conway County, Arkansas!!Uninsured!!Estimate","Craighead County, Arkansas!!Uninsured!!Estimate","Crawford County, Arkansas!!Uninsured!!Estimate","Crittenden County, Arkansas!!Uninsured!!Estimate","Cross County, Arkansas!!Uninsured!!Estimate","Dallas County, Arkansas!!Uninsured!!Estimate","Desha County, Arkansas!!Uninsured!!Estimate","Drew County, Arkansas!!Uninsured!!Estimate","Faulkner County, Arkansas!!Uninsured!!Estimate","Franklin County, Arkansas!!Uninsured!!Estimate","Fulton County, Arkansas!!Uninsured!!Estimate","Garland County, Arkansas!!Uninsured!!Estimate","Grant County, Arkansas!!Uninsured!!Estimate","Greene County, Arkansas!!Uninsured!!Estimate","Hempstead County, Arkansas!!Uninsured!!Estimate","Hot Spring County, Arkansas!!Uninsured!!Estimate","Howard County, Arkansas!!Uninsured!!Estimate","Independence County, Arkansas!!Uninsured!!Estimate","Izard County, Arkansas!!Uninsured!!Estimate","Jackson County, Arkansas!!Uninsured!!Estimate","Jefferson County, Arkansas!!Uninsured!!Estimate","Johnson County, Arkansas!!Uninsured!!Estimate","Lafayette County, Arkansas!!Uninsured!!Estimate","Lawrence County, Arkansas!!Uninsured!!Estimate","Lee County, Arkansas!!Uninsured!!Estimate","Lincoln County, Arkansas!!Uninsured!!Estimate","Little River County, Arkansas!!Uninsured!!Estimate","Logan County, Arkansas!!Uninsured!!Estimate","Lonoke County, Arkansas!!Uninsured!!Estimate","Madison County, Arkansas!!Uninsured!!Estimate","Marion County, Arkansas!!Uninsured!!Estimate","Miller County, Arkansas!!Uninsured!!Estimate","Mississippi County, Arkansas!!Uninsured!!Estimate","Monroe County, Arkansas!!Uninsured!!Estimate","Montgomery County, Arkansas!!Uninsured!!Estimate","Nevada County, Arkansas!!Uninsured!!Estimate","Newton County, Arkansas!!Uninsured!!Estimate","Ouachita County, Arkansas!!Uninsured!!Estimate","Perry County, Arkansas!!Uninsured!!Estimate","Phillips County, Arkansas!!Uninsured!!Estimate","Pike County, Arkansas!!Uninsured!!Estimate","Poinsett County, Arkansas!!Uninsured!!Estimate","Polk County, Arkansas!!Uninsured!!Estimate","Pope County, Arkansas!!Uninsured!!Estimate","Prairie County, Arkansas!!Uninsured!!Estimate","Pulaski County, Arkansas!!Uninsured!!Estimate","Randolph County, Arkansas!!Uninsured!!Estimate","St. Francis County, Arkansas!!Uninsured!!Estimate","Saline County, Arkansas!!Uninsured!!Estimate","Scott County, Arkansas!!Uninsured!!Estimate","Searcy County, Arkansas!!Uninsured!!Estimate","Sebastian County, Arkansas!!Uninsured!!Estimate","Sevier County, Arkansas!!Uninsured!!Estimate","Sharp County, Arkansas!!Uninsured!!Estimate","Stone County, Arkansas!!Uninsured!!Estimate","Union County, Arkansas!!Uninsured!!Estimate","Van Buren County, Arkansas!!Uninsured!!Estimate","Washington County, Arkansas!!Uninsured!!Estimate","White County, Arkansas!!Uninsured!!Estimate","Woodruff County, Arkansas!!Uninsured!!Estimate","Yell County, Arkansas!!Uninsured!!Estimate"
Civilian noninstitutionalized population,"245,980",921.0,"1,521","2,390","23,693","2,531","1,160",426.0,"3,205","1,034","1,989",852.0,"1,883",291.0,"1,697","1,187","9,251","5,244","3,846","1,251",489.0,886.0,854.0,"10,242",947.0,"1,317","9,855",998.0,"3,325","2,025","2,183","1,358","3,169",705.0,"1,253","3,779","1,985",500.0,"1,065",609.0,536.0,621.0,"1,295","5,178","1,477",964.0,"3,760","3,064",571.0,965.0,633.0,340.0,"1,442",504.0,"1,354",905.0,"2,468","1,904","4,612",531.0,"30,449","1,330","2,204","6,992",686.0,421.0,"13,688","2,714",981.0,914.0,"2,683","1,545","27,310","7,164",340.0,"1,519"
    AGE,,,,,,,,,,,,,,,,,,,,,,,,,,,,,,,,,,,,,,,,,,,,,,,,,,,,,,,,,,,,,,,,,,,,,,,,,,,,
        Under 6 years,"8,858",23.0,0,57,"1,105",51,40,5.0,145,0,58,18.0,58,0.0,90,16,282,198,159,29,13.0,5.0,17.0,139,10.0,87,275,57.0,144,86,22,59,114,10.0,50,178,45,61.0,56,67.0,122.0,114.0,0,283,26,22.0,42,126,49.0,42.0,0.0,6.0,20,0.0,17,5.0,53,1,91,48.0,923,16,80,279,20.0,21.0,675,77,22.0,45.0,65,52,"1,568",85,0.0,34
        6 to 18 years,"25,989",52.0,53,118,"3,010",181,99,65.0,443,0,137,71.0,189,0.0,65,103,"1,245",477,303,99,60.0,82.0,153.0,"1,012",48.0,366,905,29.0,228,291,160,348,394,92.0,149,420,85,10.0,69,10.0,28.0,26.0,130,584,130,41.0,174,430,76.0,46.0,43.0,104.0,179,43.0,137,37.0,312,158,439,35.0,"2,564",68,180,934,225.0,0.0,"1,506",296,34.0,62.0,304,172,"3,900",856,41.0,74
        19 to 25 years,"42,294",133.0,439,276,"2,912",412,131,43.0,461,158,567,214.0,276,31.0,456,145,"1,421","1,017",611,61,25.0,161.0,113.0,"2,492",228.0,166,"1,826",199.0,490,342,380,164,620,72.0,168,834,331,102.0,210,80.0,13.0,165.0,233,779,188,103.0,621,572,99.0,106.0,151.0,43.0,286,137.0,450,222.0,412,344,"1,047",88.0,"5,470",334,348,960,60.0,41.0,"2,481",377,144.0,192.0,489,386,"5,193",831,30.0,132
        26 to 34 years,"53,449",223.0,214,386,"5,355",499,320,70.0,574,294,413,170.0,315,90.0,385,328,"2,408","1,179",984,219,87.0,294.0,159.0,"2,481",128.0,274,"1,801",136.0,792,311,767,233,586,130.0,244,524,386,62.0,293,144.0,117.0,83.0,223,"1,224",144,266.0,"1,089",505,87.0,139.0,127.0,34.0,323,88.0,171,118.0,450,522,"1,045",97.0,"7,628",373,828,"1,443",166.0,124.0,"2,939",397,247.0,95.0,529,242,"5,266","1,602",42.0,418
        35 to 44 years,"49,027",208.0,175,441,"5,226",789,361,44.0,546,230,441,81.0,331,72.0,368,226,"2,025","1,092",794,306,100.0,154.0,165.0,"1,568",99.0,186,"2,232",307.0,939,291,318,417,576,99.0,237,869,428,81.0,183,96.0,14.0,88.0,356,895,243,166.0,562,664,75.0,269.0,102.0,37.0,218,108.0,147,153.0,558,407,799,80.0,"5,804",247,438,"1,677",60.0,48.0,"2,882",639,137.0,258.0,319,302,"5,252","1,273",86.0,563
        45 to 54 years,"38,409",130.0,426,737,"3,681",453,120,163.0,681,123,205,270.0,306,48.0,190,169,"1,185",715,451,389,91.0,148.0,207.0,"1,447",276.0,115,"1,633",149.0,506,547,312,66,407,180.0,276,450,380,74.0,142,124.0,126.0,92.0,191,854,430,161.0,631,338,118.0,243.0,105.0,53.0,178,74.0,173,233.0,370,223,825,99.0,"4,482",122,228,"1,025",57.0,103.0,"1,804",557,239.0,48.0,625,281,"3,859","1,258",55.0,177
        55 to 64 years,"25,544",152.0,214,356,"1,963",144,81,36.0,354,207,168,28.0,408,50.0,143,200,662,547,519,148,113.0,37.0,40.0,"1,013",158.0,123,947,121.0,217,110,224,71,435,120.0,115,449,330,110.0,112,88.0,116.0,47.0,159,551,310,203.0,561,397,67.0,120.0,96.0,54.0,238,54.0,231,137.0,313,217,366,84.0,"3,171",170,102,578,98.0,69.0,"1,205",371,158.0,214.0,352,110,"2,044","1,097",82.0,89
        65 to 74 years,"1,677",0.0,0,0,297,0,0,0.0,1,0,0,0.0,0,0.0,0,0,15,6,25,0,0.0,5.0,0.0,87,0.0,0,57,0.0,0,0,0,0,37,2.0,14,35,0,0.0,0,0.0,0.0,6.0,0,0,0,2.0,23,10,0.0,0.0,9.0,9.0,0,0.0,28,0.0,0,32,0,0.0,361,0,0,96,0.0,15.0,187,0,0.0,0.0,0,0,120,162,4.0,32
        75 years and older,733,0.0,0,19,144,2,8,0.0,0,22,0,0.0,0,0.0,0,0,8,13,0,0,0.0,0.0,0.0,3,0.0,0,179,0.0,9,47,0,0,0,0.0,0,20,0,0.0,0,0.0,0.0,0.0,3,8,6,0.0,57,22,0.0,0.0,0.0,0.0,0,0.0,0,0.0,0,0,0,0.0,46,0,0,0,0.0,0.0,9,0,0.0,0.0,0,0,108,0,0.0,0
        Under 19 years,"34,847",75.0,53,175,"4,115",232,139,70.0,588,0,195,89.0,247,0.0,155,119,"1,527",675,462,128,73.0,87.0,170.0,"1,151",58.0,453,"1,180",86.0,372,377,182,407,508,102.0,199,598,130,71.0,125,77.0,150.0,140.0,130,867,156,63.0,216,556,125.0,88.0,43.0,110.0,199,43.0,154,42.0,365,159,530,83.0,"3,487",84,260,"1,213",245.0,21.0,"2,181",373,56.0,107.0,369,224,"5,468",941,41.0,108
        19 to 64 years,"208,723",846.0,"1,468","2,196","19,137","2,297","1,013",356.0,"2,616","1,012","1,794",763.0,"1,636",291.0,"1,542","1,068","7,701","4,550","3,359","1,123",416.0,794.0,684.0,"9,001",889.0,864,"8,439",912.0,"2,944","1,601","2,001",951,"2,624",601.0,"1,040","3,126","1,855",429.0,940,532.0,386.0,475.0,"1,162","4,303","1,315",899.0,"3,464","2,476",446.0,877.0,581.0,221.0,"1,243",461.0,"1,172",863.0,"2,103","1,713","4,082",448.0,"26,555","1,246","1,944","5,683",441.0,385.0,"11,311","2,341",925.0,807.0,"2,314","1,321","21,614","6,061",295.0,"1,379"
        65 years and older,"2,410",0.0,0,19,441,2,8,0.0,1,22,0,0.0,0,0.0,0,0,23,19,25,0,0.0,5.0,0.0,90,0.0,0,236,0.0,9,47,0,0,37,2.0,14,55,0,0.0,0,0.0,0.0,6.0,3,8,6,2.0,80,32,0.0,0.0,9.0,9.0,0,0.0,28,0.0,0,32,0,0.0,407,0,0,96,0.0,15.0,196,0,0.0,0.0,0,0,228,162,4.0,32
    SEX,,,,,,,,,,,,,,,,,,,,,,,,,,,,,,,,,,,,,,,,,,,,,,,,,,,,,,,,,,,,,,,,,,,,,,,,,,,,
        Male,"139,466",451.0,760,"1,315","12,381","1,273",585,258.0,"1,887",586,834,573.0,"1,259",163.0,916,800,"5,882","2,552","1,868",777,271.0,353.0,470.0,"6,243",577.0,782,"4,996",599.0,"2,157",956,"1,108",750,"1,835",464.0,878,"2,221","1,094",300.0,552,428.0,229.0,357.0,735,"2,660",903,553.0,"2,263","1,756",409.0,524.0,359.0,217.0,872,298.0,832,473.0,"1,488","1,149","2,569",369.0,"17,676",905,"1,549","4,329",343.0,306.0,"7,490","1,344",625.0,577.0,"1,517",919,"15,518","4,112",189.0,898
        Female,"106,514",470.0,761,"1,075","11,312","1,258",575,168.0,"1,318",448,"1,155",279.0,624,128.0,781,387,"3,369","2,692","1,978",474,218.0,533.0,384.0,"3,999",370.0,535,"4,859",399.0,"1,168","1,069","1,075",608,"1,334",241.0,375,"1,558",891,200.0,513,181.0,307.0,264.0,560,"2,518",574,411.0,"1,497","1,308",162.0,441.0,274.0,123.0,570,206.0,522,432.0,980,755,"2,043",162.0,"12,773",425,655,"2,663",343.0,115.0,"6,198","1,370",356.0,337.0,"1,166",626,"11,792","3,052",151.0,621
    RACE AND HISPANIC OR LATINO ORIGIN,,,,,,,,,,,,,,,,,,,,,,,,,,,,,,,,,,,,,,,,,,,,,,,,,,,,,,,,,,,,,,,,,,,,,,,,,,,,
        White alone,"166,164",630.0,913,"2,264","17,805","2,429",909,365.0,"2,758",342,"1,126",827.0,"1,750",187.0,931,"1,134","6,790","3,932","1,405",971,242.0,371.0,543.0,"7,525",787.0,"1,299","7,795",954.0,"3,003","1,016","1,691",692,"2,281",647.0,958,"1,176","1,694",288.0,"1,039",291.0,403.0,426.0,"1,110","4,395","1,376",926.0,"2,406","1,653",375.0,748.0,300.0,340.0,732,461.0,423,659.0,"2,106","1,622","4,053",419.0,"14,892","1,175",898,"5,584",543.0,312.0,"7,531",923,907.0,819.0,"1,660","1,448","15,393","6,327",220.0,839
        Black or African American alone,"33,687",287.0,573,7,336,43,232,48.0,5,586,577,0.0,11,104.0,683,52,"1,076",91,"2,036",200,219.0,434.0,240.0,"1,136",7.0,0,"1,322",38.0,51,231,267,158,144,0.0,120,"2,184",36,158.0,0,310.0,120.0,40.0,61,326,0,0.0,"1,072","1,081",176.0,0.0,266.0,0.0,705,0.0,922,1.0,94,0,33,58.0,"10,109",0,707,836,0.0,0.0,753,56,0.0,0.0,869,0,971,269,120.0,40
        American Indian and Alaska Native alone,"2,787",0.0,0,67,554,1,15,0.0,22,0,0,0.0,14,0.0,0,0,0,296,7,0,0.0,0.0,0.0,30,29.0,0,31,3.0,1,0,15,21,15,0.0,0,53,0,0.0,7,0.0,0.0,0.0,4,32,28,16.0,30,2,14.0,13.0,0.0,0.0,0,0.0,0,0.0,0,42,10,0.0,303,0,7,3,0.0,37.0,273,191,3.0,4.0,72,18,476,27,0.0,1
        Asian alone,"4,170",0.0,3,3,491,0,0,0.0,31,0,4,0.0,13,0.0,0,0,154,56,79,0,0.0,0.0,0.0,135,0.0,0,131,0.0,0,0,6,26,25,0.0,0,13,170,34.0,1,0.0,0.0,0.0,0,86,20,5.0,0,1,0.0,0.0,0.0,0.0,0,0.0,0,0.0,0,48,91,0.0,780,16,28,139,0.0,15.0,499,0,0.0,0.0,75,12,796,162,0.0,22
        Native Hawaiian and Other Pacific Islander alone,"2,927",0.0,0,0,993,0,0,0.0,127,0,0,0.0,0,0.0,0,0,0,0,0,0,28.0,0.0,0.0,0,19.0,0,0,0.0,21,13,0,0,0,0.0,0,0,20,0.0,1,0.0,0.0,0.0,0,0,39,0.0,16,14,0.0,0.0,0.0,0.0,0,0.0,0,0.0,0,0,0,0.0,84,24,14,0,0.0,0.0,0,10,0.0,0.0,0,0,"1,504",0,0.0,0
        Some other race alone,"22,168",0.0,32,16,904,1,4,0.0,42,9,224,9.0,2,0.0,83,0,855,263,28,0,0.0,52.0,39.0,961,75.0,5,479,0.0,77,750,108,418,410,5.0,0,284,31,14.0,0,0.0,13.0,35.0,64,254,0,0.0,181,122,0.0,107.0,0.0,0.0,0,40.0,0,222.0,92,139,222,16.0,"3,357",72,49,269,4.0,9.0,"3,090","1,520",13.0,8.0,0,35,"5,314",143,0.0,598
        Two or more races,"14,077",4.0,0,33,"2,610",57,0,13.0,220,97,58,16.0,93,0.0,0,1,376,606,291,80,0.0,29.0,32.0,455,30.0,13,97,3.0,172,15,96,43,294,53.0,175,69,34,6.0,17,8.0,0.0,120.0,56,85,14,17.0,55,191,6.0,97.0,67.0,0.0,5,3.0,9,23.0,176,53,203,38.0,924,43,501,161,139.0,48.0,"1,542",14,58.0,83.0,7,32,"2,856",236,0.0,19
        Hispanic or Latino (of any race),"55,692",59.0,211,126,"9,413",88,425,99.0,"1,129",206,269,42.0,194,0.0,198,176,"1,915",989,256,97,0.0,268.0,88.0,"1,447",111.0,11,"1,706",22.0,124,895,103,483,708,58.0,82,338,438,86.0,46,23.0,52.0,56.0,112,633,176,0.0,276,477,0.0,167.0,0.0,0.0,0,63.0,20,271.0,186,320,613,16.0,"7,808",126,535,"1,512",121.0,57.0,"4,334","1,828",59.0,72.0,379,184,"10,665",948,0.0,697
"        White alone, not Hispanic or Latino","138,693",571.0,734,"2,151","10,929","2,342",503,271.0,"1,773",232,"1,080",794.0,"1,558",187.0,816,958,"5,847","3,592","1,207",883,242.0,169.0,494.0,"6,851",767.0,"1,293","6,583",935.0,"2,956",896,"1,691",655,"2,116",647.0,958,"1,162","1,287",218.0,993,271.0,364.0,405.0,"1,085","4,041","1,228",926.0,"2,308","1,399",375.0,688.0,300.0,340.0,732,441.0,403,610.0,"2,021","1,466","3,698",419.0,"10,948","1,121",876,"4,405",453.0,312.0,"6,820",746,861.0,755.0,"1,283","1,299","11,426","5,527",220.0,780
    LIVING ARRANGEMENTS,,,,,,,,,,,,,,,,,,,,,,,,,,,,,,,,,,,,,,,,,,,,,,,,,,,,,,,,,,,,,,,,,,,,,,,,,,,,
        In family households,"194,606",733.0,"1,178","1,836","20,739","1,818",887,391.0,"2,694",881,"1,347",679.0,"1,397",279.0,"1,249",963,"6,948","4,525","2,739","1,036",402.0,820.0,578.0,"7,065",863.0,"1,198","8,121",839.0,"2,735","1,872","1,750","1,146","2,606",588.0,915,"2,627","1,449",427.0,971,515.0,426.0,555.0,"1,058","4,250","1,290",697.0,"2,921","2,577",466.0,890.0,328.0,317.0,"1,247",419.0,"1,159",791.0,"1,947","1,370","3,554",433.0,"20,463","1,145","1,867","5,458",598.0,369.0,"10,868","2,520",705.0,842.0,"2,303","1,313","22,364","5,544",269.0,"1,477"
            In married couple families,"115,719",376.0,750,"1,159","13,711","1,321",522,197.0,"2,201",477,769,359.0,963,88.0,582,637,"4,247","3,099","1,029",663,283.0,372.0,390.0,"4,142",423.0,"1,053","3,983",489.0,"1,334","1,432","1,047",970,"1,662",351.0,485,"1,308",781,284.0,704,352.0,382.0,292.0,741,"2,627",939,271.0,"1,603","1,271",257.0,653.0,194.0,234.0,497,190.0,396,687.0,"1,312",729,"2,357",248.0,"10,643",641,"1,183","3,580",309.0,215.0,"6,397","1,873",468.0,581.0,778,769,"12,827","3,418",119.0,"1,043"
            In other families,"78,887",357.0,428,677,"7,028",497,365,194.0,493,404,578,320.0,434,191.0,667,326,"2,701","1,426","1,710",373,119.0,448.0,188.0,"2,923",440.0,145,"4,138",350.0,"1,401",440,703,176,944,237.0,430,"1,319",668,143.0,267,163.0,44.0,263.0,317,"1,623",351,426.0,"1,318","1,306",209.0,237.0,134.0,83.0,750,229.0,763,104.0,635,641,"1,197",185.0,"9,820",504,684,"1,878",289.0,154.0,"4,471",647,237.0,261.0,"1,525",544,"9,537","2,126",150.0,434
"                Male reference person, no spouse present","25,064",113.0,109,269,"1,923",214,194,109.0,126,61,56,147.0,169,90.0,125,22,580,197,300,116,3.0,158.0,32.0,"1,081",74.0,59,902,80.0,419,299,84,78,464,173.0,223,283,224,24.0,78,27.0,19.0,29.0,146,635,193,163.0,369,338,87.0,142.0,21.0,79.0,209,72.0,133,72.0,263,192,439,114.0,"2,486",167,251,715,51.0,69.0,"1,450",310,72.0,87.0,352,159,"4,606",645,89.0,155
"                Female reference person, no spouse present","53,823",244.0,319,408,"5,105",283,171,85.0,367,343,522,173.0,265,101.0,542,304,"2,121","1,229","1,410",257,116.0,290.0,156.0,"1,842",366.0,86,"3,236",270.0,982,141,619,98,480,64.0,207,"1,036",444,119.0,189,136.0,25.0,234.0,171,988,158,263.0,949,968,122.0,95.0,113.0,4.0,541,157.0,630,32.0,372,449,758,71.0,"7,334",337,433,"1,163",238.0,85.0,"3,021",337,165.0,174.0,"1,173",385,"4,931","1,481",61.0,279
        In non-family households and other living arrangements,"51,374",188.0,343,554,"2,954",713,273,35.0,511,153,642,173.0,486,12.0,448,224,"2,303",719,"1,107",215,87.0,66.0,276.0,"3,177",84.0,119,"1,734",159.0,590,153,433,212,563,117.0,338,"1,152",536,73.0,94,94.0,110.0,66.0,237,928,187,267.0,839,487,105.0,75.0,305.0,23.0,195,85.0,195,114.0,521,534,"1,058",98.0,"9,986",185,337,"1,534",88.0,52.0,"2,820",194,276.0,72.0,380,232,"4,946","1,620",71.0,42
    NATIVITY AND U.S. CITIZENSHIP STATUS,,,,,,,,,,,,,,,,,,,,,,,,,,,,,,,,,,,,,,,,,,,,,,,,,,,,,,,,,,,,,,,,,,,,,,,,,,,,
        Native born,"199,579",899.0,"1,318","2,337","15,431","2,530",809,389.0,"1,997",828,"1,802",845.0,"1,741",291.0,"1,570","1,011","7,736","4,601","3,604",994,489.0,659.0,817.0,"8,950",921.0,"1,306","7,877",976.0,"3,293","1,336","2,070",891,"2,731",694.0,"1,253","3,618","1,399",414.0,"1,023",605.0,506.0,600.0,"1,249","4,823","1,393",959.0,"3,492","2,718",571.0,810.0,633.0,340.0,"1,442",500.0,"1,352",664.0,"2,350","1,596","4,105",515.0,"24,108","1,139","1,643","5,735",655.0,397.0,"10,235","1,306",940.0,914.0,"2,451","1,403","18,485","6,186",340.0,969
        Foreign born,"46,401",22.0,203,53,"8,262",1,351,37.0,"1,208",206,187,7.0,142,0.0,127,176,"1,515",643,242,257,0.0,227.0,37.0,"1,292",26.0,11,"1,978",22.0,32,689,113,467,438,11.0,0,161,586,86.0,42,4.0,30.0,21.0,46,355,84,5.0,268,346,0.0,155.0,0.0,0.0,0,4.0,2,241.0,118,308,507,16.0,"6,341",191,561,"1,257",31.0,24.0,"3,453","1,408",41.0,0.0,232,142,"8,825",978,0.0,550
            Naturalized,"5,159",0.0,12,41,767,0,161,28.0,3,31,0,0.0,13,0.0,0,0,87,222,22,0,0.0,40.0,6.0,179,3.0,0,155,0.0,0,0,0,0,9,2.0,0,1,199,25.0,0,0.0,5.0,0.0,0,93,53,0.0,171,49,0.0,15.0,0.0,0.0,0,0.0,0,18.0,16,49,10,0.0,663,54,0,241,27.0,15.0,546,137,0.0,0.0,0,7,786,173,0.0,25
            Not a citizen,"41,242",22.0,191,12,"7,495",1,190,9.0,"1,205",175,187,7.0,129,0.0,127,176,"1,428",421,220,257,0.0,187.0,31.0,"1,113",23.0,11,"1,823",22.0,32,689,113,467,429,9.0,0,160,387,61.0,42,4.0,25.0,21.0,46,262,31,5.0,97,297,0.0,140.0,0.0,0.0,0,4.0,2,223.0,102,259,497,16.0,"5,678",137,561,"1,016",4.0,9.0,"2,907","1,271",41.0,0.0,232,135,"8,039",805,0.0,525
    DISABILITY STATUS,,,,,,,,,,,,,,,,,,,,,,,,,,,,,,,,,,,,,,,,,,,,,,,,,,,,,,,,,,,,,,,,,,,,,,,,,,,,
        With a disability,"23,711",227.0,122,244,"1,131",289,133,24.0,80,178,541,105.0,209,60.0,228,48,905,868,210,95,38.0,53.0,186.0,736,156.0,87,898,42.0,358,156,339,88,203,98.0,238,248,330,40.0,167,34.0,69.0,83.0,215,381,284,127.0,392,341,80.0,123.0,42.0,14.0,250,21.0,277,114.0,256,218,627,26.0,"3,064",125,250,623,84.0,100.0,"1,767",270,139.0,66.0,156,276,"1,630",797,69.0,163
        No disability,"222,269",694.0,"1,399","2,146","22,562","2,242","1,027",402.0,"3,125",856,"1,448",747.0,"1,674",231.0,"1,469","1,139","8,346","4,376","3,636","1,156",451.0,833.0,668.0,"9,506",791.0,"1,230","8,957",956.0,"2,967","1,869","1,844","1,270","2,966",607.0,"1,015","3,531","1,655",460.0,898,575.0,467.0,538.0,"1,080","4,797","1,193",837.0,"3,368","2,723",491.0,842.0,591.0,326.0,"1,192",483.0,"1,077",791.0,"2,212","1,686","3,985",505.0,"27,385","1,205","1,954","6,369",602.0,321.0,"11,921","2,444",842.0,848.0,"2,527","1,269","25,680","6,367",271.0,"1,356"
    EDUCATIONAL ATTAINMENT,,,,,,,,,,,,,,,,,,,,,,,,,,,,,,,,,,,,,,,,,,,,,,,,,,,,,,,,,,,,,,,,,,,,,,,,,,,,
        Civilian noninstitutionalized population 26 years and over,"168,839",713.0,"1,029","1,939","16,666","1,887",890,313.0,"2,156",876,"1,227",549.0,"1,360",260.0,"1,086",923,"6,303","3,552","2,773","1,062",391.0,638.0,571.0,"6,599",661.0,698,"6,849",713.0,"2,463","1,306","1,621",787,"2,041",531.0,886,"2,347","1,524",327.0,730,452.0,373.0,316.0,932,"3,532","1,133",798.0,"2,923","1,936",347.0,771.0,439.0,187.0,957,324.0,750,641.0,"1,691","1,401","3,035",360.0,"21,492",912,"1,596","4,819",381.0,359.0,"9,026","1,964",781.0,615.0,"1,825",935,"16,649","5,392",269.0,"1,279"
            Less than high school graduate,"41,883",159.0,185,301,"5,044",213,273,71.0,682,263,188,75.0,296,26.0,123,60,"1,103",758,707,308,29.0,141.0,32.0,"1,101",157.0,187,"1,152",100.0,413,724,122,193,401,106.0,119,557,442,97.0,135,54.0,88.0,67.0,170,628,225,91.0,717,606,131.0,218.0,126.0,23.0,216,88.0,246,258.0,385,311,561,106.0,"4,175",174,730,972,44.0,90.0,"2,992","1,176",256.0,159.0,439,68,"6,128","1,510",25.0,587
            High school graduate (includes equivalency),"68,285",325.0,637,793,"6,247",844,369,236.0,887,311,433,298.0,565,149.0,486,624,"2,938","1,223","1,184",512,155.0,390.0,362.0,"3,099",401.0,174,"2,763",431.0,"1,284",216,911,426,795,254.0,381,"1,133",696,153.0,298,314.0,235.0,157.0,444,"1,744",569,372.0,"1,165",854,110.0,295.0,242.0,67.0,372,106.0,320,140.0,855,435,"1,349",147.0,"8,133",360,345,"2,159",168.0,182.0,"2,898",477,270.0,257.0,806,549,"4,914","2,296",222.0,574
            Some college or associate's degree,"43,076",213.0,161,687,"3,557",709,248,3.0,358,285,451,159.0,425,54.0,329,156,"1,505","1,207",722,182,187.0,99.0,156.0,"1,660",85.0,250,"2,183",182.0,521,328,502,104,773,98.0,331,578,309,47.0,253,70.0,32.0,67.0,255,907,266,236.0,677,391,93.0,215.0,53.0,68.0,315,127.0,179,217.0,373,526,664,80.0,"5,989",348,405,"1,112",116.0,80.0,"2,378",289,239.0,162.0,447,272,"3,978","1,290",22.0,81
            Bachelor's degree or higher,"15,595",16.0,46,158,"1,818",121,0,3.0,229,17,155,17.0,74,31.0,148,83,757,364,160,60,20.0,8.0,21.0,739,18.0,87,751,0.0,245,38,86,64,72,73.0,55,79,77,30.0,44,14.0,18.0,25.0,63,253,73,99.0,364,85,13.0,43.0,18.0,29.0,54,3.0,5,26.0,78,129,461,27.0,"3,195",30,116,576,53.0,7.0,758,22,16.0,37.0,133,46,"1,629",296,0.0,37
    EMPLOYMENT STATUS,,,,,,,,,,,,,,,,,,,,,,,,,,,,,,,,,,,,,,,,,,,,,,,,,,,,,,,,,,,,,,,,,,,,,,,,,,,,
        Civilian noninstitutionalized population 19 to 64 years,"208,723",846.0,"1,468","2,196","19,137","2,297","1,013",356.0,"2,616","1,012","1,794",763.0,"1,636",291.0,"1,542","1,068","7,701","4,550","3,359","1,123",416.0,794.0,684.0,"9,001",889.0,864,"8,439",912.0,"2,944","1,601","2,001",951,"2,624",601.0,"1,040","3,126","1,855",429.0,940,532.0,386.0,475.0,"1,162","4,303","1,315",899.0,"3,464","2,476",446.0,877.0,581.0,221.0,"1,243",461.0,"1,172",863.0,"2,103","1,713","4,082",448.0,"26,555","1,246","1,944","5,683",441.0,385.0,"11,311","2,341",925.0,807.0,"2,314","1,321","21,614","6,061",295.0,"1,379"
            In labor force,"152,023",669.0,915,"1,596","13,933","1,753",662,254.0,"1,761",605,"1,052",578.0,"1,191",188.0,908,930,"6,037","3,275","2,632",855,315.0,394.0,494.0,"6,532",505.0,541,"6,990",781.0,"2,118","1,068","1,552",619,"1,751",454.0,814,"2,068","1,067",221.0,618,423.0,240.0,314.0,710,"3,327",925,609.0,"2,287","1,834",276.0,653.0,494.0,160.0,824,267.0,786,599.0,"1,579","1,274","2,882",302.0,"19,863",852,"1,537","4,538",306.0,205.0,"8,801","1,440",663.0,573.0,"1,070",961,"16,252","4,423",203.0,875
                Employed,"133,404",521.0,837,"1,266","13,391","1,516",579,209.0,"1,650",434,978,454.0,"1,060",187.0,671,660,"5,202","2,623","1,848",771,262.0,377.0,453.0,"6,046",457.0,491,"6,149",727.0,"1,717",999,"1,268",602,"1,590",338.0,603,"1,446","1,034",207.0,522,310.0,238.0,239.0,612,"3,019",831,452.0,"1,921","1,322",244.0,516.0,446.0,160.0,673,217.0,500,571.0,"1,367",963,"2,657",259.0,"17,336",723,"1,339","4,122",271.0,189.0,"7,968","1,348",584.0,413.0,928,834,"14,454","4,243",171.0,819
                Unemployed,"18,619",148.0,78,330,542,237,83,45.0,111,171,74,124.0,131,1.0,237,270,835,652,784,84,53.0,17.0,41.0,486,48.0,50,841,54.0,401,69,284,17,161,116.0,211,622,33,14.0,96,113.0,2.0,75.0,98,308,94,157.0,366,512,32.0,137.0,48.0,0.0,151,50.0,286,28.0,212,311,225,43.0,"2,527",129,198,416,35.0,16.0,833,92,79.0,160.0,142,127,"1,798",180,32.0,56
            Not in labor force,"56,700",177.0,553,600,"5,204",544,351,102.0,855,407,742,185.0,445,103.0,634,138,"1,664","1,275",727,268,101.0,400.0,190.0,"2,469",384.0,323,"1,449",131.0,826,533,449,332,873,147.0,226,"1,058",788,208.0,322,109.0,146.0,161.0,452,976,390,290.0,"1,177",642,170.0,224.0,87.0,61.0,419,194.0,386,264.0,524,439,"1,200",146.0,"6,692",394,407,"1,145",135.0,180.0,"2,510",901,262.0,234.0,"1,244",360,"5,362","1,638",92.0,504
    WORK EXPERIENCE,,,,,,,,,,,,,,,,,,,,,,,,,,,,,,,,,,,,,,,,,,,,,,,,,,,,,,,,,,,,,,,,,,,,,,,,,,,,
        Civilian noninstitutionalized population 19 to 64 years,"208,723",846.0,"1,468","2,196","19,137","2,297","1,013",356.0,"2,616","1,012","1,794",763.0,"1,636",291.0,"1,542","1,068","7,701","4,550","3,359","1,123",416.0,794.0,684.0,"9,001",889.0,864,"8,439",912.0,"2,944","1,601","2,001",951,"2,624",601.0,"1,040","3,126","1,855",429.0,940,532.0,386.0,475.0,"1,162","4,303","1,315",899.0,"3,464","2,476",446.0,877.0,581.0,221.0,"1,243",461.0,"1,172",863.0,"2,103","1,713","4,082",448.0,"26,555","1,246","1,944","5,683",441.0,385.0,"11,311","2,341",925.0,807.0,"2,314","1,321","21,614","6,061",295.0,"1,379"
"            Worked full-time, year round in the past 12 months","91,225",349.0,657,949,"9,965",929,526,110.0,"1,217",323,564,336.0,621,138.0,449,416,"3,529","1,783","1,245",671,226.0,242.0,279.0,"4,230",336.0,267,"4,394",388.0,"1,226",775,"1,036",414,"1,060",254.0,371,960,689,118.0,360,212.0,108.0,140.0,372,"1,955",405,254.0,"1,152",940,204.0,328.0,367.0,79.0,592,146.0,480,367.0,899,555,"1,684",150.0,"11,402",448,"1,009","3,345",204.0,61.0,"5,078",773,370.0,167.0,577,562,"9,791","2,785",127.0,735
"            Worked less than full-time, year round in the past 12 months","65,691",340.0,424,647,"4,498",944,168,192.0,699,255,801,266.0,726,81.0,503,333,"2,777","1,739","1,226",212,93.0,245.0,290.0,"2,529",269.0,361,"2,674",379.0,"1,000",404,443,193,788,142.0,501,868,461,133.0,301,269.0,131.0,184.0,475,"1,484",628,406.0,"1,255",783,120.0,301.0,126.0,113.0,281,167.0,324,256.0,764,636,"1,547",120.0,"8,672",490,452,"1,109",110.0,142.0,"4,141",707,285.0,408.0,464,381,"6,510","2,239",44.0,262
            Did not work,"51,807",157.0,387,600,"4,674",424,319,54.0,700,434,429,161.0,289,72.0,590,319,"1,395","1,028",888,240,97.0,307.0,115.0,"2,242",284.0,236,"1,371",145.0,718,422,522,344,776,205.0,168,"1,298",705,178.0,279,51.0,147.0,151.0,315,864,282,239.0,"1,057",753,122.0,248.0,88.0,29.0,370,148.0,368,240.0,440,522,851,178.0,"6,481",308,483,"1,229",127.0,182.0,"2,092",861,270.0,232.0,"1,273",378,"5,313","1,037",124.0,382
    HOUSEHOLD INCOME (IN 2020 INFLATION-ADJUSTED DOLLARS),,,,,,,,,,,,,,,,,,,,,,,,,,,,,,,,,,,,,,,,,,,,,,,,,,,,,,,,,,,,,,,,,,,,,,,,,,,,
        Total household population,"243,579",913.0,"1,521","2,383","23,595","2,525","1,139",415.0,"3,200","1,013","1,744",852.0,"1,883",291.0,"1,535","1,175","9,133","5,233","3,833","1,251",489.0,883.0,771.0,"10,035",926.0,"1,317","9,827",998.0,"3,306","2,025","2,183","1,358","3,142",705.0,"1,253","3,575","1,937",500.0,"1,048",605.0,536.0,621.0,"1,265","5,174","1,475",964.0,"3,756","3,051",571.0,965.0,633.0,340.0,"1,438",483.0,"1,354",898.0,"2,464","1,904","4,393",531.0,"30,046","1,320","2,188","6,972",686.0,421.0,"13,659","2,714",981.0,914.0,"2,674","1,545","27,238","7,029",340.0,"1,519"
"            Under $25,000","54,791",274.0,305,460,"3,958",448,229,26.0,708,351,666,130.0,402,8.0,488,229,"2,162","1,096","1,237",269,57.0,159.0,185.0,"2,532",186.0,207,"1,834",192.0,906,429,445,166,676,126.0,284,"1,561",631,81.0,195,211.0,318.0,296.0,238,860,410,284.0,"1,004",742,83.0,253.0,125.0,47.0,297,171.0,555,200.0,573,549,865,130.0,"7,053",474,503,"1,174",201.0,155.0,"2,957",546,320.0,205.0,932,405,"5,142","1,746",136.0,333
"            $25,000 to $49,999","79,009",277.0,589,"1,028","6,436","1,037",332,51.0,787,305,317,401.0,588,198.0,523,534,"2,915","1,979","1,214",445,241.0,210.0,320.0,"3,459",476.0,236,"3,086",237.0,"1,054",664,870,478,"1,029",310.0,663,963,679,226.0,334,139.0,71.0,158.0,607,"1,336",320,316.0,"1,222","1,051",110.0,462.0,207.0,122.0,575,153.0,292,371.0,733,873,"1,725",137.0,"9,554",315,954,"1,986",183.0,158.0,"5,325",854,396.0,217.0,543,469,"8,607","2,367",111.0,499
"            $50,000 to $74,999","54,372",246.0,389,494,"5,839",450,289,87.0,"1,040",251,433,176.0,443,49.0,342,263,"1,995",903,751,353,63.0,461.0,162.0,"1,879",194.0,445,"3,103",100.0,919,457,434,237,535,170.0,110,469,376,86.0,214,158.0,76.0,90.0,245,915,195,113.0,795,695,188.0,95.0,116.0,41.0,293,49.0,432,120.0,846,333,"1,053",180.0,"5,320",333,423,"1,569",233.0,96.0,"3,114",778,216.0,289.0,425,242,"7,247","1,507",26.0,319
"            $75,000 to $99,999","24,290",41.0,186,220,"2,582",232,128,93.0,261,39,164,47.0,268,0.0,124,65,637,650,478,48,45.0,19.0,75.0,824,13.0,125,887,60.0,226,313,227,71,479,28.0,86,228,31,94.0,185,28.0,68.0,7.0,73,985,208,167.0,245,144,14.0,33.0,167.0,0.0,203,70.0,50,77.0,184,89,277,27.0,"3,641",118,135,930,13.0,12.0,"1,047",327,39.0,58.0,609,153,"2,676",830,47.0,260
"            $100,000 and over","31,117",75.0,52,181,"4,780",358,161,158.0,404,67,164,98.0,182,36.0,58,84,"1,424",605,153,136,83.0,34.0,29.0,"1,341",57.0,304,917,409.0,201,162,207,406,423,71.0,110,354,220,13.0,120,69.0,3.0,70.0,102,"1,078",342,84.0,490,419,176.0,122.0,18.0,130.0,70,40.0,25,130.0,128,60,473,57.0,"4,478",80,173,"1,313",56.0,0.0,"1,216",209,10.0,145.0,165,276,"3,566",579,20.0,108
    RATIO OF INCOME TO POVERTY LEVEL IN THE PAST 12 MONTHS,,,,,,,,,,,,,,,,,,,,,,,,,,,,,,,,,,,,,,,,,,,,,,,,,,,,,,,,,,,,,,,,,,,,,,,,,,,,
        Civilian noninstitutionalized population for whom poverty status is determined,"243,663",921.0,"1,521","2,390","23,658","2,508","1,160",415.0,"3,188","1,034","1,749",844.0,"1,881",291.0,"1,494","1,187","9,127","5,244","3,808","1,251",462.0,884.0,774.0,"10,021",947.0,"1,317","9,778",941.0,"3,313","2,025","2,183","1,358","3,118",705.0,"1,250","3,597","1,937",500.0,"1,048",609.0,536.0,621.0,"1,295","5,167","1,475",964.0,"3,760","3,064",571.0,965.0,633.0,340.0,"1,438",504.0,"1,354",898.0,"2,435","1,904","4,373",531.0,"30,111","1,330","2,204","6,992",686.0,421.0,"13,679","2,714",960.0,914.0,"2,683","1,545","27,257","7,042",340.0,"1,519"
            Below 138 percent of the poverty threshold,"88,809",331.0,623,624,"6,947",736,331,53.0,"1,183",452,738,257.0,520,70.0,750,475,"3,095","1,591","1,752",363,166.0,388.0,283.0,"4,326",438.0,648,"3,555",263.0,"1,206",995,716,319,"1,243",214.0,463,"1,799",964,193.0,285,205.0,314.0,366.0,442,"1,192",509,378.0,"1,186","1,516",134.0,385.0,95.0,54.0,463,215.0,679,313.0,721,757,"1,478",169.0,"11,281",682,"1,087","2,068",293.0,211.0,"5,569",919,386.0,357.0,"1,221",652,"10,176","2,281",172.0,528
            138 to 399 percent of the poverty threshold,"124,801",458.0,710,"1,676","12,977","1,594",655,238.0,"1,667",511,786,564.0,"1,152",185.0,671,654,"4,850","3,299","1,805",753,210.0,450.0,410.0,"4,473",447.0,384,"5,307",379.0,"1,749",700,"1,245",780,"1,542",400.0,685,"1,403",771,234.0,594,327.0,210.0,187.0,707,"3,013",645,447.0,"1,994","1,159",287.0,473.0,488.0,156.0,924,256.0,642,527.0,"1,504","1,043","2,393",290.0,"14,408",447,936,"3,353",368.0,205.0,"6,824","1,587",522.0,402.0,"1,243",623,"13,677","4,155",131.0,880
            At or above 400 percent of the poverty threshold,"30,053",132.0,188,90,"3,734",178,174,124.0,338,71,225,23.0,209,36.0,73,58,"1,182",354,251,135,86.0,46.0,81.0,"1,222",62.0,285,916,299.0,358,330,222,259,333,91.0,102,395,202,73.0,169,77.0,12.0,68.0,146,962,321,139.0,580,389,150.0,107.0,50.0,130.0,51,33.0,33,58.0,210,104,502,72.0,"4,422",201,181,"1,571",25.0,5.0,"1,286",208,52.0,155.0,219,270,"3,404",606,37.0,111
            Below 100 percent of the poverty threshold,"59,679",255.0,187,455,"4,834",536,205,38.0,824,347,534,169.0,379,50.0,576,264,"2,556","1,001","1,129",228,49.0,312.0,130.0,"2,712",260.0,255,"2,096",198.0,844,852,468,170,811,104.0,298,"1,374",634,129.0,207,164.0,256.0,229.0,343,839,294,324.0,902,942,93.0,342.0,80.0,38.0,255,153.0,557,195.0,542,551,762,134.0,"7,403",477,887,"1,273",176.0,136.0,"3,716",574,297.0,304.0,"1,005",342,"6,977","1,210",111.0,326
